Person,Direct Contact
P0001,P0003788
P0002,P000962
P0003,P0003207
P0004,P0001086
P0005,P0003459
P0006,P0003538
P0007,P0004719
P0008,P0002594
P0009,P0002273
P00010,P0002213
P00011,P0003066
P00012,P0002555
P00013,P0002117
P00014,P00024
P00015,P0003119
P00016,P0003985
P00017,P0002339
P00018,P00070
P00019,P0003507
P00020,P000264
P00021,P0003419
P00022,P0002177
P00023,P0003429
P00024,P000681
P00025,P0001926
P00026,P000473
P00027,P0001173
P00028,P0004860
P00029,P000982
P00030,P0002897
P00031,P0004384
P00032,P000869
P00033,P000607
P00034,P0001269
P00035,P0004968
P00036,P000157
P00037,P0004047
P00038,P000864
P00039,P0003226
P00040,P000927
P00041,P0004172
P00042,P0001329
P00043,P0001461
P00044,P000218
P00045,P0003538
P00046,P0001396
P00047,P0001808
P00048,P0003726
P00049,P0002530
P00050,P0003087
P00051,P0001507
P00052,P0001385
P00053,P0002313
P00054,P0001998
P00055,P0001181
P00056,P000798
P00057,P0002964
P00058,P0003833
P00059,P0002922
P00060,P0004902
P00061,P0002257
P00062,P0003546
P00063,P000159
P00064,P0004641
P00065,P0002055
P00066,P0002342
P00067,P000360
P00068,P0002027
P00069,P0002168
P00070,P0004313
P00071,P0004576
P00072,P0003672
P00073,P000819
P00074,P0003660
P00075,P0004718
P00076,P0004778
P00077,P0001595
P00078,P000299
P00079,P000256
P00080,P0003612
P00081,P0003850
P00082,P0001154
P00083,P000711
P00084,P0001700
P00085,P0002058
P00086,P0001572
P00087,P0003908
P00088,P000307
P00089,P0004541
P00090,P0001131
P00091,P0002470
P00092,P0004315
P00093,P0003330
P00094,P000564
P00095,P0002446
P00096,P000263
P00097,P0004657
P00098,P0001626
P00099,P0003268
P000100,P0001126
P000101,P0003704
P000102,P0004558
P000103,P0002475
P000104,P0001420
P000105,P0002835
P000106,P0003180
P000107,P0001757
P000108,P0002338
P000109,P0004417
P000110,P000784
P000111,P0002920
P000112,P0002916
P000113,P0002794
P000114,P000702
P000115,P0003306
P000116,P0004686
P000117,P0004661
P000118,P0003869
P000119,P00048
P000120,P0003883
P000121,P0003319
P000122,P0001731
P000123,P0001321
P000124,P0002010
P000125,P0004860
P000126,P0001570
P000127,P000363
P000128,P0002529
P000129,P0003305
P000130,P0002700
P000131,P0004658
P000132,P0003472
P000133,P0002132
P000134,P0001011
P000135,P0003117
P000136,P0003031
P000137,P0001430
P000138,P0001011
P000139,P0003477
P000140,P0002566
P000141,P0003111
P000142,P0003881
P000143,P000427
P000144,P0004003
P000145,P0001243
P000146,P0002026
P000147,P0002173
P000148,P0001311
P000149,P000567
P000150,P000291
P000151,P0004225
P000152,P0003578
P000153,P0003722
P000154,P0001286
P000155,P0004230
P000156,P000269
P000157,P0001481
P000158,P0002258
P000159,P000548
P000160,P0002341
P000161,P000608
P000162,P0003556
P000163,P000121
P000164,P0001292
P000165,P000520
P000166,P0004015
P000167,P0002885
P000168,P0001659
P000169,P0003059
P000170,P0001519
P000171,P000607
P000172,P0001122
P000173,P0004074
P000174,P0002607
P000175,P0002587
P000176,P0001175
P000177,P0001427
P000178,P0003201
P000179,P0004064
P000180,P000273
P000181,P0001283
P000182,P0003482
P000183,P000570
P000184,P000467
P000185,P0003210
P000186,P0003463
P000187,P0002682
P000188,P0002801
P000189,P0004739
P000190,P0002032
P000191,P000802
P000192,P0001164
P000193,P0002476
P000194,P0001141
P000195,P0003673
P000196,P0003882
P000197,P0004780
P000198,P0003285
P000199,P0002301
P000200,P0002023
P000201,P000323
P000202,P0004666
P000203,P0002821
P000204,P0003337
P000205,P0002547
P000206,P0003222
P000207,P0002659
P000208,P000743
P000209,P0002148
P000210,P000241
P000211,P0004017
P000212,P0004496
P000213,P0003246
P000214,P0001403
P000215,P0002298
P000216,P0002541
P000217,P0003812
P000218,P0002917
P000219,P0004624
P000220,P0004038
P000221,P0002277
P000222,P000883
P000223,P0004970
P000224,P0001742
P000225,P0004966
P000226,P0002139
P000227,P0002792
P000228,P0004723
P000229,P0003158
P000230,P0002604
P000231,P0001229
P000232,P0003923
P000233,P0004122
P000234,P0004605
P000235,P0004084
P000236,P0004138
P000237,P0002431
P000238,P0002731
P000239,P0002862
P000240,P0002367
P000241,P0001239
P000242,P0003511
P000243,P0001025
P000244,P0003861
P000245,P0002950
P000246,P0002642
P000247,P0002531
P000248,P0003853
P000249,P0004901
P000250,P0004514
P000251,P000445
P000252,P0004694
P000253,P0003265
P000254,P0002520
P000255,P0004084
P000256,P00046
P000257,P0002367
P000258,P00010
P000259,P0004717
P000260,P0004847
P000261,P0001987
P000262,P000759
P000263,P000319
P000264,P0002015
P000265,P0002059
P000266,P0004533
P000267,P0004268
P000268,P0004222
P000269,P0002341
P000270,P0002640
P000271,P0001139
P000272,P0001636
P000273,P0004283
P000274,P000385
P000275,P0004958
P000276,P0004200
P000277,P0003316
P000278,P0002986
P000279,P0001375
P000280,P0004916
P000281,P0002225
P000282,P0003805
P000283,P000209
P000284,P0003562
P000285,P00093
P000286,P0003748
P000287,P0003750
P000288,P0003491
P000289,P0001546
P000290,P0003273
P000291,P0003988
P000292,P0002446
P000293,P0002680
P000294,P0003741
P000295,P0003715
P000296,P0001829
P000297,P0003096
P000298,P0002786
P000299,P0002001
P000300,P0002490
P000301,P0002921
P000302,P0003963
P000303,P0004164
P000304,P0003902
P000305,P0004577
P000306,P0004164
P000307,P0004726
P000308,P0002535
P000309,P0001311
P000310,P0003236
P000311,P0004246
P000312,P0004346
P000313,P0003183
P000314,P0003748
P000315,P0002139
P000316,P000565
P000317,P0001297
P000318,P000101
P000319,P0002780
P000320,P000388
P000321,P0002536
P000322,P00047
P000323,P0001244
P000324,P0003742
P000325,P0004979
P000326,P0003180
P000327,P0002999
P000328,P0002042
P000329,P0003452
P000330,P000189
P000331,P0003779
P000332,P0004715
P000333,P000397
P000334,P0003472
P000335,P0001613
P000336,P0004362
P000337,P0004350
P000338,P0004230
P000339,P0002705
P000340,P0003565
P000341,P0001825
P000342,P0003279
P000343,P0001444
P000344,P0001758
P000345,P0003354
P000346,P0002684
P000347,P0002341
P000348,P0001061
P000349,P000748
P000350,P0002719
P000351,P0003089
P000352,P000653
P000353,P000379
P000354,P0003832
P000355,P0003261
P000356,P00098
P000357,P0001452
P000358,P0001044
P000359,P0002393
P000360,P0002994
P000361,P0003760
P000362,P0003653
P000363,P0004318
P000364,P0003477
P000365,P0001394
P000366,P0001208
P000367,P0001673
P000368,P0004393
P000369,P0002229
P000370,P0002459
P000371,P000400
P000372,P0002407
P000373,P0002791
P000374,P0002397
P000375,P0003976
P000376,P0001913
P000377,P0004277
P000378,P0003559
P000379,P000794
P000380,P0001393
P000381,P0003087
P000382,P0001479
P000383,P000826
P000384,P0002769
P000385,P0003213
P000386,P000547
P000387,P0004255
P000388,P0001382
P000389,P0003238
P000390,P000577
P000391,P000210
P000392,P0001464
P000393,P0002470
P000394,P0001029
P000395,P0003165
P000396,P0004333
P000397,P0003989
P000398,P0004231
P000399,P0002801
P000400,P0004134
P000401,P0001952
P000402,P000886
P000403,P000368
P000404,P0003586
P000405,P0001556
P000406,P000843
P000407,P000637
P000408,P000111
P000409,P0002475
P000410,P0004400
P000411,P0003574
P000412,P000691
P000413,P000406
P000414,P0004375
P000415,P0003762
P000416,P0001988
P000417,P0001618
P000418,P0001818
P000419,P0003416
P000420,P000584
P000421,P0002049
P000422,P0003491
P000423,P0001556
P000424,P0001686
P000425,P000503
P000426,P0002198
P000427,P0002549
P000428,P0003249
P000429,P00025
P000430,P0001626
P000431,P0001743
P000432,P0001316
P000433,P0002335
P000434,P000611
P000435,P0004385
P000436,P0001271
P000437,P0002505
P000438,P0002654
P000439,P0001329
P000440,P0003839
P000441,P0004740
P000442,P00034
P000443,P0001343
P000444,P0003925
P000445,P000187
P000446,P0003149
P000447,P0004932
P000448,P0004794
P000449,P0004203
P000450,P0004511
P000451,P0003709
P000452,P0004678
P000453,P0003410
P000454,P0003414
P000455,P0002274
P000456,P0002622
P000457,P0002149
P000458,P0001429
P000459,P0001492
P000460,P000272
P000461,P0003667
P000462,P000759
P000463,P0002794
P000464,P0001352
P000465,P0003489
P000466,P0001965
P000467,P0002864
P000468,P000769
P000469,P000931
P000470,P0004717
P000471,P0001639
P000472,P000665
P000473,P0004655
P000474,P00066
P000475,P0004072
P000476,P0001203
P000477,P0004484
P000478,P000168
P000479,P0002519
P000480,P0004608
P000481,P0004447
P000482,P0001522
P000483,P0001915
P000484,P0001735
P000485,P0001164
P000486,P000576
P000487,P0004152
P000488,P0001482
P000489,P0002230
P000490,P000969
P000491,P0001164
P000492,P0004462
P000493,P0001217
P000494,P0004783
P000495,P0003308
P000496,P0003662
P000497,P0004287
P000498,P000914
P000499,P000527
P000500,P0001261
P000501,P0003160
P000502,P0002090
P000503,P0003665
P000504,P0002382
P000505,P000375
P000506,P0003102
P000507,P0002030
P000508,P0003328
P000509,P000357
P000510,P0001557
P000511,P000990
P000512,P0003748
P000513,P0003791
P000514,P0003808
P000515,P0004926
P000516,P0004292
P000517,P0003212
P000518,P0002753
P000519,P0001367
P000520,P0003494
P000521,P0004493
P000522,P000899
P000523,P0001490
P000524,P00063
P000525,P0002165
P000526,P0001390
P000527,P000466
P000528,P0004261
P000529,P0001074
P000530,P0001730
P000531,P0003322
P000532,P0004789
P000533,P0002919
P000534,P0004568
P000535,P0003090
P000536,P000409
P000537,P0003656
P000538,P0002219
P000539,P0003012
P000540,P0003594
P000541,P0001559
P000542,P0001577
P000543,P0003491
P000544,P0001635
P000545,P000981
P000546,P0003677
P000547,P0002287
P000548,P0003962
P000549,P0003513
P000550,P0002462
P000551,P0003188
P000552,P0002926
P000553,P0001270
P000554,P000227
P000555,P0004004
P000556,P0003935
P000557,P0001509
P000558,P0002816
P000559,P0004284
P000560,P0004593
P000561,P0002640
P000562,P000893
P000563,P0001591
P000564,P0001503
P000565,P0003962
P000566,P0004500
P000567,P0002507
P000568,P0002429
P000569,P000132
P000570,P0001695
P000571,P000818
P000572,P000844
P000573,P0001468
P000574,P0003255
P000575,P000476
P000576,P0004254
P000577,P0002653
P000578,P0004325
P000579,P0004993
P000580,P0002299
P000581,P000333
P000582,P000402
P000583,P0002927
P000584,P000354
P000585,P0004381
P000586,P0004240
P000587,P000957
P000588,P0004227
P000589,P0003306
P000590,P0002099
P000591,P0001879
P000592,P0001608
P000593,P0001431
P000594,P0002257
P000595,P0004491
P000596,P0001141
P000597,P0003940
P000598,P000857
P000599,P000995
P000600,P000292
P000601,P000844
P000602,P0004976
P000603,P0004991
P000604,P0003767
P000605,P0002274
P000606,P000264
P000607,P0004601
P000608,P0004856
P000609,P000179
P000610,P000617
P000611,P000530
P000612,P0002913
P000613,P000740
P000614,P000143
P000615,P0003135
P000616,P0001185
P000617,P0002282
P000618,P0003101
P000619,P000677
P000620,P000306
P000621,P000484
P000622,P000581
P000623,P0002980
P000624,P0004102
P000625,P0001018
P000626,P0003460
P000627,P000663
P000628,P000776
P000629,P0004523
P000630,P0004546
P000631,P0004943
P000632,P0004154
P000633,P00019
P000634,P0003904
P000635,P0001791
P000636,P0001451
P000637,P000411
P000638,P00054
P000639,P0001859
P000640,P000924
P000641,P0002756
P000642,P0001129
P000643,P0004172
P000644,P0004836
P000645,P0001350
P000646,P0004076
P000647,P0002059
P000648,P000424
P000649,P0003476
P000650,P0001699
P000651,P0004167
P000652,P0003933
P000653,P000906
P000654,P0001664
P000655,P0001690
P000656,P000296
P000657,P0004808
P000658,P0003586
P000659,P000147
P000660,P0003801
P000661,P0002773
P000662,P0004986
P000663,P000128
P000664,P0002876
P000665,P0004095
P000666,P0004189
P000667,P0001433
P000668,P000187
P000669,P0003243
P000670,P0003230
P000671,P0003968
P000672,P0002377
P000673,P0001747
P000674,P0001429
P000675,P0001521
P000676,P0002131
P000677,P000325
P000678,P000596
P000679,P0001336
P000680,P0003700
P000681,P0001160
P000682,P000747
P000683,P0002970
P000684,P0001689
P000685,P0004673
P000686,P000815
P000687,P0004501
P000688,P0001668
P000689,P0001016
P000690,P0002074
P000691,P0002558
P000692,P000168
P000693,P0003767
P000694,P0002914
P000695,P00035
P000696,P000671
P000697,P0002005
P000698,P0002133
P000699,P0001564
P000700,P0001516
P000701,P0002001
P000702,P0004184
P000703,P0002008
P000704,P0001025
P000705,P0001271
P000706,P0003619
P000707,P0002305
P000708,P0004762
P000709,P000622
P000710,P0002553
P000711,P0004945
P000712,P0004533
P000713,P0004130
P000714,P0004129
P000715,P0003272
P000716,P0003653
P000717,P0002687
P000718,P0001819
P000719,P0004554
P000720,P0003040
P000721,P0003876
P000722,P0003882
P000723,P0001497
P000724,P0002880
P000725,P0004465
P000726,P0004461
P000727,P000439
P000728,P0004995
P000729,P0001699
P000730,P0002603
P000731,P0001996
P000732,P0001536
P000733,P000961
P000734,P0002973
P000735,P0001311
P000736,P0001283
P000737,P00044
P000738,P0002115
P000739,P000419
P000740,P000706
P000741,P0004488
P000742,P0001938
P000743,P0004411
P000744,P0002851
P000745,P0003939
P000746,P0002501
P000747,P0001257
P000748,P0003329
P000749,P0001460
P000750,P0004287
P000751,P0002155
P000752,P0003908
P000753,P0001111
P000754,P000895
P000755,P000226
P000756,P000728
P000757,P0003836
P000758,P0001466
P000759,P000224
P000760,P000697
P000761,P0002928
P000762,P0003257
P000763,P000687
P000764,P0001449
P000765,P0002885
P000766,P0003450
P000767,P0002596
P000768,P0002125
P000769,P0004472
P000770,P000687
P000771,P000220
P000772,P0004315
P000773,P0004207
P000774,P000829
P000775,P000247
P000776,P0004771
P000777,P0003291
P000778,P0003139
P000779,P0004715
P000780,P0003820
P000781,P0004175
P000782,P0002410
P000783,P0001534
P000784,P0001027
P000785,P0002644
P000786,P0004588
P000787,P0003584
P000788,P0002281
P000789,P0004229
P000790,P0003044
P000791,P0003462
P000792,P000409
P000793,P0001269
P000794,P00013
P000795,P000973
P000796,P0004369
P000797,P000704
P000798,P0002643
P000799,P0004358
P000800,P000292
P000801,P0002988
P000802,P000743
P000803,P0004073
P000804,P000935
P000805,P0004099
P000806,P0003583
P000807,P0004664
P000808,P0003606
P000809,P000703
P000810,P0001037
P000811,P000899
P000812,P000259
P000813,P0002993
P000814,P0004962
P000815,P0003861
P000816,P0002240
P000817,P000567
P000818,P0004938
P000819,P0001159
P000820,P0001126
P000821,P0003996
P000822,P0003404
P000823,P0002737
P000824,P0001198
P000825,P0003402
P000826,P0003777
P000827,P00052
P000828,P0003366
P000829,P000448
P000830,P0001386
P000831,P0001506
P000832,P0004754
P000833,P0001648
P000834,P000868
P000835,P0001140
P000836,P0002766
P000837,P0003764
P000838,P000276
P000839,P000514
P000840,P0002148
P000841,P0001405
P000842,P0001256
P000843,P000631
P000844,P0003483
P000845,P0002613
P000846,P0001555
P000847,P0001507
P000848,P0001568
P000849,P000356
P000850,P000583
P000851,P0001700
P000852,P0002355
P000853,P0001361
P000854,P000913
P000855,P0003719
P000856,P0002458
P000857,P0003643
P000858,P0003416
P000859,P0003708
P000860,P000773
P000861,P000439
P000862,P0001197
P000863,P000251
P000864,P0002413
P000865,P000966
P000866,P0002607
P000867,P0002429
P000868,P000979
P000869,P0002581
P000870,P0001398
P000871,P0001491
P000872,P0001180
P000873,P0004491
P000874,P0002523
P000875,P0003657
P000876,P0004957
P000877,P00084
P000878,P000147
P000879,P0003554
P000880,P000535
P000881,P0003339
P000882,P000234
P000883,P0003795
P000884,P000308
P000885,P0004544
P000886,P0003419
P000887,P000991
P000888,P00055
P000889,P0001718
P000890,P0004979
P000891,P0002300
P000892,P0003737
P000893,P0001719
P000894,P0002412
P000895,P0004242
P000896,P00064
P000897,P0004008
P000898,P0002502
P000899,P0002084
P000900,P0004077
P000901,P000456
P000902,P0003795
P000903,P0003586
P000904,P0004251
P000905,P0001328
P000906,P0002079
P000907,P000255
P000908,P0002960
P000909,P000862
P000910,P000794
P000911,P0002566
P000912,P000757
P000913,P000406
P000914,P000337
P000915,P0002784
P000916,P0002558
P000917,P0003135
P000918,P0004814
P000919,P000124
P000920,P0001725
P000921,P0001796
P000922,P0002174
P000923,P0002991
P000924,P0001020
P000925,P0004734
P000926,P0003559
P000927,P0001954
P000928,P0002600
P000929,P000734
P000930,P000379
P000931,P0004934
P000932,P0002514
P000933,P0004816
P000934,P0002860
P000935,P0002782
P000936,P0003693
P000937,P000203
P000938,P0001778
P000939,P0004091
P000940,P0001
P000941,P0001121
P000942,P000657
P000943,P0002590
P000944,P0002772
P000945,P0001982
P000946,P0003982
P000947,P0003929
P000948,P000153
P000949,P000714
P000950,P0002852
P000951,P0001002
P000952,P0003715
P000953,P0002760
P000954,P0003087
P000955,P0003227
P000956,P0001051
P000957,P0002274
P000958,P0001993
P000959,P000328
P000960,P0002475
P000961,P0003586
P000962,P0003885
P000963,P000280
P000964,P0004556
P000965,P0003861
P000966,P000976
P000967,P0004006
P000968,P0002894
P000969,P0002230
P000970,P000435
P000971,P0001328
P000972,P0001502
P000973,P0001312
P000974,P000253
P000975,P0003431
P000976,P0001125
P000977,P0004237
P000978,P0001067
P000979,P0001833
P000980,P0004105
P000981,P0003720
P000982,P0003220
P000983,P0002396
P000984,P0003685
P000985,P0004742
P000986,P0003162
P000987,P000472
P000988,P0001226
P000989,P0003655
P000990,P000772
P000991,P0004656
P000992,P000409
P000993,P0004329
P000994,P0004271
P000995,P0001945
P000996,P0003394
P000997,P0001056
P000998,P0002210
P000999,P0001331
P0001000,P0004821
P0001001,P0003503
P0001002,P0002426
P0001003,P000975
P0001004,P000724
P0001005,P000972
P0001006,P000964
P0001007,P0001155
P0001008,P000700
P0001009,P0001556
P0001010,P0004708
P0001011,P0001112
P0001012,P0003128
P0001013,P0001581
P0001014,P0004849
P0001015,P0002791
P0001016,P0004849
P0001017,P0001899
P0001018,P0004420
P0001019,P0003188
P0001020,P0003463
P0001021,P000151
P0001022,P0001791
P0001023,P0004720
P0001024,P0002344
P0001025,P0002146
P0001026,P0003432
P0001027,P0004564
P0001028,P000512
P0001029,P000878
P0001030,P0003252
P0001031,P0004422
P0001032,P0001783
P0001033,P0003499
P0001034,P0002535
P0001035,P0001504
P0001036,P0004942
P0001037,P0004785
P0001038,P0003792
P0001039,P0004855
P0001040,P0004301
P0001041,P000251
P0001042,P0003897
P0001043,P0003308
P0001044,P0002629
P0001045,P0003079
P0001046,P0001487
P0001047,P0002460
P0001048,P0001369
P0001049,P0001442
P0001050,P000933
P0001051,P0003066
P0001052,P0001003
P0001053,P0001681
P0001054,P000158
P0001055,P0002180
P0001056,P0002655
P0001057,P0002972
P0001058,P0002187
P0001059,P0001132
P0001060,P000301
P0001061,P000821
P0001062,P000611
P0001063,P0001240
P0001064,P0001459
P0001065,P0004731
P0001066,P0002055
P0001067,P0003696
P0001068,P0002874
P0001069,P0004889
P0001070,P0004359
P0001071,P0004666
P0001072,P0001488
P0001073,P0003532
P0001074,P0002419
P0001075,P00064
P0001076,P0004946
P0001077,P0003973
P0001078,P0004514
P0001079,P0001788
P0001080,P0005
P0001081,P0003912
P0001082,P000549
P0001083,P0003508
P0001084,P0001459
P0001085,P0004745
P0001086,P0004825
P0001087,P0004210
P0001088,P0003609
P0001089,P00092
P0001090,P0004825
P0001091,P0001793
P0001092,P000917
P0001093,P0004631
P0001094,P0004056
P0001095,P0001991
P0001096,P0004164
P0001097,P0003652
P0001098,P0001132
P0001099,P0004755
P0001100,P0003356
P0001101,P0004440
P0001102,P0004168
P0001103,P0001026
P0001104,P0003659
P0001105,P0002716
P0001106,P0004009
P0001107,P0002539
P0001108,P000836
P0001109,P000876
P0001110,P0002010
P0001111,P000852
P0001112,P0003010
P0001113,P0004710
P0001114,P0002866
P0001115,P0004358
P0001116,P0001121
P0001117,P0001605
P0001118,P000469
P0001119,P0003388
P0001120,P0001069
P0001121,P000976
P0001122,P0004880
P0001123,P0003887
P0001124,P0001405
P0001125,P0001813
P0001126,P0001305
P0001127,P0004327
P0001128,P0001372
P0001129,P0002806
P0001130,P0002371
P0001131,P0003661
P0001132,P000268
P0001133,P0002418
P0001134,P0003104
P0001135,P000187
P0001136,P000384
P0001137,P0004700
P0001138,P0003763
P0001139,P0002077
P0001140,P0002219
P0001141,P0001371
P0001142,P0004071
P0001143,P000241
P0001144,P0002272
P0001145,P0001877
P0001146,P0003454
P0001147,P0002883
P0001148,P000505
P0001149,P000724
P0001150,P000623
P0001151,P0003832
P0001152,P0001455
P0001153,P000372
P0001154,P0002177
P0001155,P0003246
P0001156,P00055
P0001157,P0003374
P0001158,P0003976
P0001159,P0004793
P0001160,P000485
P0001161,P0004236
P0001162,P000676
P0001163,P0002778
P0001164,P0003714
P0001165,P0004685
P0001166,P0003188
P0001167,P000978
P0001168,P0001986
P0001169,P000669
P0001170,P000801
P0001171,P0002130
P0001172,P0001161
P0001173,P000387
P0001174,P0004378
P0001175,P0003133
P0001176,P0004710
P0001177,P000119
P0001178,P0004330
P0001179,P0001007
P0001180,P0001159
P0001181,P0003444
P0001182,P0002051
P0001183,P0003588
P0001184,P0004952
P0001185,P0004648
P0001186,P0001109
P0001187,P0001731
P0001188,P0004021
P0001189,P0003820
P0001190,P0004768
P0001191,P0001531
P0001192,P000854
P0001193,P0004132
P0001194,P0004356
P0001195,P000709
P0001196,P0002447
P0001197,P0001302
P0001198,P0003588
P0001199,P0002823
P0001200,P0003374
P0001201,P0001072
P0001202,P0002179
P0001203,P0001422
P0001204,P000119
P0001205,P0002818
P0001206,P0003014
P0001207,P0003620
P0001208,P0003925
P0001209,P0001087
P0001210,P000679
P0001211,P0003789
P0001212,P0003710
P0001213,P0001928
P0001214,P000383
P0001215,P0003269
P0001216,P0004965
P0001217,P0002383
P0001218,P000183
P0001219,P0001033
P0001220,P000183
P0001221,P0004403
P0001222,P000913
P0001223,P0003228
P0001224,P0001050
P0001225,P0003738
P0001226,P0002469
P0001227,P0001403
P0001228,P0002543
P0001229,P00079
P0001230,P0001866
P0001231,P0004995
P0001232,P0004129
P0001233,P0001826
P0001234,P0003047
P0001235,P0003371
P0001236,P0003425
P0001237,P0002399
P0001238,P000533
P0001239,P0001285
P0001240,P0003089
P0001241,P0004907
P0001242,P0003832
P0001243,P0004157
P0001244,P0002167
P0001245,P0003340
P0001246,P0001993
P0001247,P000941
P0001248,P0003831
P0001249,P0001204
P0001250,P0002795
P0001251,P0002714
P0001252,P0002262
P0001253,P0002620
P0001254,P0003864
P0001255,P0004318
P0001256,P0002383
P0001257,P0001505
P0001258,P0003423
P0001259,P0004511
P0001260,P0002334
P0001261,P0001391
P0001262,P0001488
P0001263,P0002137
P0001264,P0004832
P0001265,P0001791
P0001266,P0003061
P0001267,P0001755
P0001268,P00030
P0001269,P0001826
P0001270,P0003271
P0001271,P0002025
P0001272,P0004094
P0001273,P0002953
P0001274,P000487
P0001275,P0003888
P0001276,P0004475
P0001277,P000281
P0001278,P0002127
P0001279,P0003260
P0001280,P0004776
P0001281,P000881
P0001282,P0004278
P0001283,P0004501
P0001284,P0004185
P0001285,P0002956
P0001286,P000238
P0001287,P0001430
P0001288,P0003675
P0001289,P0001491
P0001290,P0004824
P0001291,P0001994
P0001292,P0003579
P0001293,P0004235
P0001294,P000578
P0001295,P0001017
P0001296,P0004654
P0001297,P0001483
P0001298,P0004047
P0001299,P0002635
P0001300,P0002490
P0001301,P0004125
P0001302,P0004923
P0001303,P000126
P0001304,P0002944
P0001305,P0001883
P0001306,P0003181
P0001307,P000841
P0001308,P0004315
P0001309,P0002472
P0001310,P0004287
P0001311,P0002863
P0001312,P000120
P0001313,P0002666
P0001314,P000178
P0001315,P0002830
P0001316,P0004697
P0001317,P0003888
P0001318,P0004008
P0001319,P0001090
P0001320,P0002277
P0001321,P0003019
P0001322,P0004573
P0001323,P000979
P0001324,P0003892
P0001325,P0003543
P0001326,P0001921
P0001327,P0003548
P0001328,P000181
P0001329,P0003038
P0001330,P0003908
P0001331,P0002521
P0001332,P0002207
P0001333,P000280
P0001334,P0004352
P0001335,P0001590
P0001336,P0001408
P0001337,P0003910
P0001338,P0002019
P0001339,P0002435
P0001340,P0004155
P0001341,P0004693
P0001342,P000857
P0001343,P0002003
P0001344,P000739
P0001345,P0004883
P0001346,P000795
P0001347,P0001640
P0001348,P0003228
P0001349,P0001123
P0001350,P0004945
P0001351,P0003669
P0001352,P0001345
P0001353,P0001577
P0001354,P0003218
P0001355,P0002862
P0001356,P000422
P0001357,P0003736
P0001358,P0004221
P0001359,P0001047
P0001360,P000505
P0001361,P0001430
P0001362,P0001787
P0001363,P0002793
P0001364,P000917
P0001365,P0003101
P0001366,P0004661
P0001367,P0003710
P0001368,P0004905
P0001369,P0003336
P0001370,P0002641
P0001371,P000386
P0001372,P0004555
P0001373,P000960
P0001374,P0004984
P0001375,P0002437
P0001376,P0001771
P0001377,P0004773
P0001378,P0001969
P0001379,P0002416
P0001380,P0002007
P0001381,P0002105
P0001382,P0003313
P0001383,P0003586
P0001384,P0003353
P0001385,P000973
P0001386,P0002550
P0001387,P0003671
P0001388,P0004775
P0001389,P0003538
P0001390,P0004602
P0001391,P0004745
P0001392,P0003549
P0001393,P0001935
P0001394,P0004481
P0001395,P000367
P0001396,P0003430
P0001397,P0002347
P0001398,P0003510
P0001399,P000893
P0001400,P0001660
P0001401,P0004325
P0001402,P000450
P0001403,P0001683
P0001404,P0004713
P0001405,P0004968
P0001406,P0003709
P0001407,P0001565
P0001408,P0004572
P0001409,P0001577
P0001410,P0002117
P0001411,P000488
P0001412,P0004422
P0001413,P0001751
P0001414,P000810
P0001415,P000758
P0001416,P0004871
P0001417,P0001738
P0001418,P000453
P0001419,P000666
P0001420,P0004196
P0001421,P0002032
P0001422,P0002366
P0001423,P0002557
P0001424,P0003657
P0001425,P0003849
P0001426,P0004097
P0001427,P0004617
P0001428,P0001620
P0001429,P0001099
P0001430,P0004680
P0001431,P0001737
P0001432,P0003091
P0001433,P0004936
P0001434,P0001084
P0001435,P000821
P0001436,P0004275
P0001437,P0001769
P0001438,P0002348
P0001439,P0004816
P0001440,P0004930
P0001441,P000886
P0001442,P000515
P0001443,P0002565
P0001444,P0004641
P0001445,P0004460
P0001446,P0002756
P0001447,P0003295
P0001448,P0002579
P0001449,P000777
P0001450,P0002001
P0001451,P000199
P0001452,P0003990
P0001453,P000974
P0001454,P0003997
P0001455,P0002086
P0001456,P000422
P0001457,P000452
P0001458,P0001965
P0001459,P000541
P0001460,P0004662
P0001461,P0003381
P0001462,P000896
P0001463,P0002358
P0001464,P000460
P0001465,P0002400
P0001466,P0002142
P0001467,P0003287
P0001468,P0001377
P0001469,P000711
P0001470,P000117
P0001471,P0004288
P0001472,P0002517
P0001473,P000225
P0001474,P0001838
P0001475,P000540
P0001476,P0003472
P0001477,P0002351
P0001478,P0001545
P0001479,P0001459
P0001480,P000544
P0001481,P0002277
P0001482,P0001807
P0001483,P0001820
P0001484,P0001204
P0001485,P0003349
P0001486,P0004417
P0001487,P0004894
P0001488,P0003773
P0001489,P000226
P0001490,P0003801
P0001491,P0003183
P0001492,P000524
P0001493,P0003031
P0001494,P0002890
P0001495,P000960
P0001496,P0002766
P0001497,P0004647
P0001498,P0001153
P0001499,P000284
P0001500,P0001956
P0001501,P0004618
P0001502,P0002016
P0001503,P0003631
P0001504,P0001600
P0001505,P000897
P0001506,P0001946
P0001507,P0001525
P0001508,P000475
P0001509,P0004762
P0001510,P0001326
P0001511,P0002856
P0001512,P0003733
P0001513,P0004856
P0001514,P0002625
P0001515,P0003634
P0001516,P0004550
P0001517,P0003182
P0001518,P0004486
P0001519,P0002008
P0001520,P000304
P0001521,P0004317
P0001522,P0001117
P0001523,P0003301
P0001524,P0003705
P0001525,P0003827
P0001526,P0004718
P0001527,P0003664
P0001528,P000890
P0001529,P0003084
P0001530,P0004804
P0001531,P0004718
P0001532,P000294
P0001533,P000232
P0001534,P0001958
P0001535,P0004190
P0001536,P0002997
P0001537,P0001071
P0001538,P0004917
P0001539,P0004151
P0001540,P0002334
P0001541,P0004001
P0001542,P0003957
P0001543,P0003891
P0001544,P0002792
P0001545,P0004969
P0001546,P000193
P0001547,P0003904
P0001548,P000583
P0001549,P0001598
P0001550,P0004765
P0001551,P000688
P0001552,P000861
P0001553,P000255
P0001554,P0003881
P0001555,P0004284
P0001556,P0004223
P0001557,P000855
P0001558,P000331
P0001559,P0001584
P0001560,P0002995
P0001561,P0001626
P0001562,P0004412
P0001563,P0003425
P0001564,P000827
P0001565,P0004887
P0001566,P0002150
P0001567,P0002392
P0001568,P0002288
P0001569,P000129
P0001570,P0001336
P0001571,P0001109
P0001572,P0002464
P0001573,P0002339
P0001574,P0001186
P0001575,P0002467
P0001576,P00059
P0001577,P0001560
P0001578,P0004337
P0001579,P0003913
P0001580,P0001129
P0001581,P0004130
P0001582,P000513
P0001583,P0002434
P0001584,P0004372
P0001585,P0001917
P0001586,P0004429
P0001587,P000322
P0001588,P0002857
P0001589,P0003132
P0001590,P0001390
P0001591,P0004151
P0001592,P0001164
P0001593,P0001972
P0001594,P0002648
P0001595,P000658
P0001596,P0001190
P0001597,P0004454
P0001598,P0003719
P0001599,P0003380
P0001600,P0004270
P0001601,P0004249
P0001602,P0002832
P0001603,P0002945
P0001604,P0001877
P0001605,P000258
P0001606,P0003102
P0001607,P0001934
P0001608,P0001839
P0001609,P0001965
P0001610,P0001315
P0001611,P0002065
P0001612,P0001960
P0001613,P0004279
P0001614,P0002948
P0001615,P0002255
P0001616,P0002930
P0001617,P000745
P0001618,P0002626
P0001619,P000828
P0001620,P0002632
P0001621,P0002480
P0001622,P0001335
P0001623,P0003684
P0001624,P0004303
P0001625,P000135
P0001626,P0001507
P0001627,P0002815
P0001628,P0001523
P0001629,P0002520
P0001630,P0003598
P0001631,P000904
P0001632,P0003669
P0001633,P0003250
P0001634,P0002859
P0001635,P0003103
P0001636,P0001299
P0001637,P000950
P0001638,P0002825
P0001639,P0001292
P0001640,P0001922
P0001641,P0004068
P0001642,P0002420
P0001643,P0004244
P0001644,P0002722
P0001645,P0003325
P0001646,P0001745
P0001647,P0004177
P0001648,P0003129
P0001649,P0003208
P0001650,P0002279
P0001651,P0001102
P0001652,P0001563
P0001653,P0003646
P0001654,P000698
P0001655,P0001224
P0001656,P0002280
P0001657,P0004219
P0001658,P0001540
P0001659,P0004419
P0001660,P00022
P0001661,P000821
P0001662,P0002647
P0001663,P0003456
P0001664,P0002091
P0001665,P0003683
P0001666,P0003740
P0001667,P0004220
P0001668,P0004532
P0001669,P0001061
P0001670,P0002444
P0001671,P0001638
P0001672,P0001357
P0001673,P0004699
P0001674,P0003825
P0001675,P000422
P0001676,P0003111
P0001677,P0001385
P0001678,P0003800
P0001679,P0003007
P0001680,P0003645
P0001681,P0004524
P0001682,P0003794
P0001683,P0004252
P0001684,P0001644
P0001685,P000675
P0001686,P0003677
P0001687,P0003600
P0001688,P0001327
P0001689,P0003446
P0001690,P0002319
P0001691,P000352
P0001692,P0004740
P0001693,P000933
P0001694,P00045
P0001695,P0001663
P0001696,P0001237
P0001697,P0003172
P0001698,P0004945
P0001699,P000670
P0001700,P0003067
P0001701,P0002689
P0001702,P000216
P0001703,P0003868
P0001704,P0004467
P0001705,P0004294
P0001706,P0002683
P0001707,P0002514
P0001708,P000300
P0001709,P0004725
P0001710,P0003227
P0001711,P0002346
P0001712,P0004068
P0001713,P0003619
P0001714,P0003091
P0001715,P0004366
P0001716,P0004081
P0001717,P0004532
P0001718,P000948
P0001719,P0001762
P0001720,P000679
P0001721,P0003438
P0001722,P0004164
P0001723,P0004336
P0001724,P0001639
P0001725,P0002199
P0001726,P0003907
P0001727,P0001917
P0001728,P0002359
P0001729,P0001002
P0001730,P0002633
P0001731,P0002355
P0001732,P0001952
P0001733,P0001634
P0001734,P0004006
P0001735,P0002625
P0001736,P0001125
P0001737,P0002792
P0001738,P0004477
P0001739,P0003481
P0001740,P0002615
P0001741,P0004315
P0001742,P0002616
P0001743,P0003854
P0001744,P0004985
P0001745,P0004349
P0001746,P0001764
P0001747,P000925
P0001748,P000790
P0001749,P0001974
P0001750,P0003736
P0001751,P000351
P0001752,P000475
P0001753,P0002743
P0001754,P0001120
P0001755,P0003665
P0001756,P0003891
P0001757,P000921
P0001758,P0003173
P0001759,P0001269
P0001760,P0001966
P0001761,P0004964
P0001762,P000434
P0001763,P0004754
P0001764,P0001903
P0001765,P0001892
P0001766,P000975
P0001767,P0001505
P0001768,P000271
P0001769,P0001794
P0001770,P0001616
P0001771,P0002692
P0001772,P0004464
P0001773,P000642
P0001774,P000539
P0001775,P0002756
P0001776,P0004318
P0001777,P0002960
P0001778,P0003491
P0001779,P0004477
P0001780,P0002129
P0001781,P000672
P0001782,P0004127
P0001783,P0003525
P0001784,P000900
P0001785,P000613
P0001786,P000174
P0001787,P000185
P0001788,P0002433
P0001789,P000787
P0001790,P000736
P0001791,P0003565
P0001792,P0003783
P0001793,P0004440
P0001794,P0001491
P0001795,P000213
P0001796,P0002669
P0001797,P0001401
P0001798,P0003531
P0001799,P0004500
P0001800,P0004684
P0001801,P0002962
P0001802,P0003285
P0001803,P0002529
P0001804,P0002511
P0001805,P0004771
P0001806,P000303
P0001807,P0004614
P0001808,P0004900
P0001809,P0001810
P0001810,P0001696
P0001811,P0003552
P0001812,P000892
P0001813,P000583
P0001814,P0001644
P0001815,P0002036
P0001816,P0002582
P0001817,P0001034
P0001818,P0001734
P0001819,P0002525
P0001820,P0002765
P0001821,P0004563
P0001822,P0002818
P0001823,P0001831
P0001824,P0001960
P0001825,P0004751
P0001826,P0001737
P0001827,P000491
P0001828,P0002647
P0001829,P0004041
P0001830,P0001513
P0001831,P0003702
P0001832,P0002003
P0001833,P0002674
P0001834,P0001545
P0001835,P0001241
P0001836,P0003104
P0001837,P000650
P0001838,P0004954
P0001839,P0003330
P0001840,P0003311
P0001841,P0004328
P0001842,P0003460
P0001843,P0002836
P0001844,P0002546
P0001845,P0001572
P0001846,P0001057
P0001847,P0001555
P0001848,P0003237
P0001849,P0003002
P0001850,P0001349
P0001851,P0004581
P0001852,P0003001
P0001853,P0002021
P0001854,P0004604
P0001855,P0001914
P0001856,P000530
P0001857,P0002743
P0001858,P0004441
P0001859,P000553
P0001860,P0004747
P0001861,P0002881
P0001862,P000639
P0001863,P0003253
P0001864,P0001996
P0001865,P0002927
P0001866,P0003679
P0001867,P0002052
P0001868,P000952
P0001869,P0003673
P0001870,P0003536
P0001871,P000417
P0001872,P0004962
P0001873,P0001236
P0001874,P0004684
P0001875,P0002584
P0001876,P0001720
P0001877,P0002283
P0001878,P0001452
P0001879,P0002245
P0001880,P000566
P0001881,P0002055
P0001882,P0002687
P0001883,P000245
P0001884,P0003177
P0001885,P0004129
P0001886,P0002121
P0001887,P0002370
P0001888,P0004116
P0001889,P0003628
P0001890,P000988
P0001891,P0003614
P0001892,P0003504
P0001893,P0004674
P0001894,P0002194
P0001895,P0004545
P0001896,P00080
P0001897,P0003492
P0001898,P000792
P0001899,P0003518
P0001900,P0004053
P0001901,P000488
P0001902,P0003591
P0001903,P000507
P0001904,P000429
P0001905,P0003010
P0001906,P0001495
P0001907,P0004294
P0001908,P0004947
P0001909,P000266
P0001910,P0001551
P0001911,P0004589
P0001912,P0001396
P0001913,P0003045
P0001914,P0001753
P0001915,P0004389
P0001916,P000796
P0001917,P0003482
P0001918,P000366
P0001919,P000597
P0001920,P0004889
P0001921,P0004077
P0001922,P0002914
P0001923,P0002432
P0001924,P0003443
P0001925,P000605
P0001926,P0003978
P0001927,P0002670
P0001928,P0002094
P0001929,P000314
P0001930,P0002661
P0001931,P0001133
P0001932,P0004867
P0001933,P00059
P0001934,P0004917
P0001935,P0003114
P0001936,P0003030
P0001937,P0003601
P0001938,P0002914
P0001939,P0002623
P0001940,P0004649
P0001941,P0003342
P0001942,P0001278
P0001943,P0001461
P0001944,P0002082
P0001945,P0004175
P0001946,P0002367
P0001947,P00092
P0001948,P0002632
P0001949,P000986
P0001950,P0002689
P0001951,P000229
P0001952,P000776
P0001953,P0001559
P0001954,P000200
P0001955,P0001854
P0001956,P0003694
P0001957,P0003288
P0001958,P0002491
P0001959,P0004118
P0001960,P000319
P0001961,P000167
P0001962,P0003829
P0001963,P000185
P0001964,P0002746
P0001965,P000971
P0001966,P0004572
P0001967,P000648
P0001968,P0002665
P0001969,P000395
P0001970,P0004761
P0001971,P0003556
P0001972,P0004379
P0001973,P0002229
P0001974,P0004574
P0001975,P0001459
P0001976,P000148
P0001977,P0002268
P0001978,P0002887
P0001979,P0002128
P0001980,P0002785
P0001981,P0003799
P0001982,P0001421
P0001983,P0004769
P0001984,P0004920
P0001985,P0004934
P0001986,P000798
P0001987,P0002611
P0001988,P0003858
P0001989,P00014
P0001990,P0001384
P0001991,P000733
P0001992,P000745
P0001993,P0001561
P0001994,P000961
P0001995,P0004862
P0001996,P0002611
P0001997,P0004995
P0001998,P0003129
P0001999,P0002678
P0002000,P000896
P0002001,P000434
P0002002,P0004821
P0002003,P0003826
P0002004,P000312
P0002005,P0004414
P0002006,P0003467
P0002007,P0003469
P0002008,P0002183
P0002009,P0004304
P0002010,P0004180
P0002011,P0001690
P0002012,P0001977
P0002013,P0004505
P0002014,P0004752
P0002015,P0002478
P0002016,P0001384
P0002017,P0001290
P0002018,P0001426
P0002019,P0001356
P0002020,P0001115
P0002021,P0002247
P0002022,P0001143
P0002023,P0004906
P0002024,P0001598
P0002025,P0001887
P0002026,P0001435
P0002027,P0003611
P0002028,P0004874
P0002029,P0001893
P0002030,P0002181
P0002031,P0001444
P0002032,P0002280
P0002033,P0002876
P0002034,P0004250
P0002035,P0001585
P0002036,P0003979
P0002037,P0004275
P0002038,P0003391
P0002039,P0002502
P0002040,P0002988
P0002041,P000191
P0002042,P0003850
P0002043,P0002377
P0002044,P0003108
P0002045,P0001559
P0002046,P0004866
P0002047,P0002515
P0002048,P0002114
P0002049,P0004037
P0002050,P0004597
P0002051,P0001965
P0002052,P0003596
P0002053,P0001371
P0002054,P00038
P0002055,P0001032
P0002056,P0003104
P0002057,P000829
P0002058,P0003194
P0002059,P000742
P0002060,P0001623
P0002061,P000480
P0002062,P0003094
P0002063,P0003617
P0002064,P0001951
P0002065,P0002719
P0002066,P000241
P0002067,P0003316
P0002068,P0001262
P0002069,P0004453
P0002070,P0004748
P0002071,P0001761
P0002072,P000971
P0002073,P0001798
P0002074,P0001706
P0002075,P0002425
P0002076,P0003056
P0002077,P000965
P0002078,P0002315
P0002079,P0002320
P0002080,P000143
P0002081,P0002249
P0002082,P0001910
P0002083,P0003076
P0002084,P0004993
P0002085,P000688
P0002086,P0001310
P0002087,P0003205
P0002088,P0003513
P0002089,P00011
P0002090,P000848
P0002091,P0004283
P0002092,P0004040
P0002093,P000933
P0002094,P0002016
P0002095,P0003318
P0002096,P0004456
P0002097,P000758
P0002098,P0004934
P0002099,P0002011
P0002100,P0002629
P0002101,P0003471
P0002102,P000730
P0002103,P000969
P0002104,P0004793
P0002105,P0003232
P0002106,P0001491
P0002107,P0003184
P0002108,P000731
P0002109,P0004212
P0002110,P0001653
P0002111,P0001256
P0002112,P0004050
P0002113,P0001248
P0002114,P0003584
P0002115,P0001885
P0002116,P000423
P0002117,P0003664
P0002118,P0001619
P0002119,P0004170
P0002120,P0001368
P0002121,P0003904
P0002122,P0003017
P0002123,P00092
P0002124,P0001085
P0002125,P0003351
P0002126,P0001128
P0002127,P0001375
P0002128,P0003834
P0002129,P0004806
P0002130,P000575
P0002131,P0001583
P0002132,P0004624
P0002133,P0004612
P0002134,P0001386
P0002135,P000943
P0002136,P0001260
P0002137,P0002367
P0002138,P0003853
P0002139,P0003856
P0002140,P0001371
P0002141,P0002461
P0002142,P0003316
P0002143,P000496
P0002144,P0003671
P0002145,P0004456
P0002146,P0004246
P0002147,P0004191
P0002148,P0003543
P0002149,P0003427
P0002150,P000731
P0002151,P000524
P0002152,P0004028
P0002153,P0001977
P0002154,P000931
P0002155,P0002208
P0002156,P0004417
P0002157,P0002564
P0002158,P0001150
P0002159,P000837
P0002160,P0004954
P0002161,P0002161
P0002162,P000927
P0002163,P0002538
P0002164,P0002609
P0002165,P0001037
P0002166,P0003937
P0002167,P0004422
P0002168,P0004473
P0002169,P0003619
P0002170,P000568
P0002171,P0002470
P0002172,P0002101
P0002173,P0001975
P0002174,P0001748
P0002175,P0004158
P0002176,P0002050
P0002177,P0001473
P0002178,P0004964
P0002179,P000688
P0002180,P0004916
P0002181,P0003513
P0002182,P0002464
P0002183,P0004165
P0002184,P0002436
P0002185,P0002104
P0002186,P0003281
P0002187,P0004460
P0002188,P0004576
P0002189,P0004192
P0002190,P00096
P0002191,P0003740
P0002192,P0001093
P0002193,P0003317
P0002194,P0003935
P0002195,P0003894
P0002196,P0004751
P0002197,P0002157
P0002198,P0004345
P0002199,P0003139
P0002200,P0001222
P0002201,P0001978
P0002202,P00017
P0002203,P0003117
P0002204,P0003732
P0002205,P000810
P0002206,P0004784
P0002207,P0001695
P0002208,P0003655
P0002209,P0002428
P0002210,P0001535
P0002211,P0004508
P0002212,P0001622
P0002213,P0004865
P0002214,P0001878
P0002215,P0004995
P0002216,P0002138
P0002217,P000212
P0002218,P0002317
P0002219,P0003322
P0002220,P0003404
P0002221,P0001957
P0002222,P0003282
P0002223,P0004114
P0002224,P0002772
P0002225,P0001933
P0002226,P000635
P0002227,P0001348
P0002228,P0002261
P0002229,P0001256
P0002230,P000129
P0002231,P0001149
P0002232,P0002632
P0002233,P0003287
P0002234,P0003903
P0002235,P0004433
P0002236,P0003809
P0002237,P0001743
P0002238,P0004280
P0002239,P0001533
P0002240,P0003833
P0002241,P0003567
P0002242,P0004022
P0002243,P00019
P0002244,P0003125
P0002245,P0004076
P0002246,P0003721
P0002247,P0004864
P0002248,P000560
P0002249,P0001187
P0002250,P0001193
P0002251,P0002022
P0002252,P0002727
P0002253,P0001238
P0002254,P0004573
P0002255,P0002250
P0002256,P0002838
P0002257,P0001048
P0002258,P000312
P0002259,P0001697
P0002260,P000884
P0002261,P0004364
P0002262,P0004436
P0002263,P0004402
P0002264,P0002055
P0002265,P000767
P0002266,P000235
P0002267,P0004326
P0002268,P000918
P0002269,P0001459
P0002270,P0002993
P0002271,P000957
P0002272,P0004514
P0002273,P0004088
P0002274,P0002538
P0002275,P0002865
P0002276,P0003387
P0002277,P0002893
P0002278,P0002115
P0002279,P0002777
P0002280,P000520
P0002281,P0001030
P0002282,P0002572
P0002283,P000896
P0002284,P0004280
P0002285,P0003886
P0002286,P0003898
P0002287,P000213
P0002288,P0002797
P0002289,P000549
P0002290,P0001916
P0002291,P0003507
P0002292,P0003637
P0002293,P000379
P0002294,P0001354
P0002295,P0001569
P0002296,P0004222
P0002297,P0002795
P0002298,P0002539
P0002299,P000960
P0002300,P000237
P0002301,P000988
P0002302,P0002708
P0002303,P0002249
P0002304,P0001175
P0002305,P0004243
P0002306,P0004284
P0002307,P0001261
P0002308,P0004230
P0002309,P0003957
P0002310,P0001506
P0002311,P0001340
P0002312,P0007
P0002313,P000255
P0002314,P0003469
P0002315,P0003993
P0002316,P000881
P0002317,P0004280
P0002318,P000995
P0002319,P0003601
P0002320,P000398
P0002321,P000882
P0002322,P0001720
P0002323,P0004029
P0002324,P0004802
P0002325,P0002435
P0002326,P0002481
P0002327,P0001116
P0002328,P000631
P0002329,P0001937
P0002330,P000343
P0002331,P0004988
P0002332,P000334
P0002333,P0002387
P0002334,P0003620
P0002335,P00078
P0002336,P0001046
P0002337,P0004667
P0002338,P0001834
P0002339,P0003540
P0002340,P0004953
P0002341,P0002804
P0002342,P0003850
P0002343,P0004462
P0002344,P0003194
P0002345,P0003547
P0002346,P0001352
P0002347,P0001938
P0002348,P0003863
P0002349,P0001638
P0002350,P000424
P0002351,P0004561
P0002352,P0003465
P0002353,P0003022
P0002354,P0002235
P0002355,P0002373
P0002356,P000161
P0002357,P000530
P0002358,P0004744
P0002359,P0004632
P0002360,P0001199
P0002361,P000222
P0002362,P000894
P0002363,P0003029
P0002364,P0001223
P0002365,P0001674
P0002366,P0004966
P0002367,P000135
P0002368,P0002565
P0002369,P0001977
P0002370,P0002673
P0002371,P0001941
P0002372,P0003193
P0002373,P0001109
P0002374,P0002061
P0002375,P0001306
P0002376,P0002714
P0002377,P000663
P0002378,P0001491
P0002379,P0001031
P0002380,P0001745
P0002381,P0003577
P0002382,P0002817
P0002383,P0001051
P0002384,P0004980
P0002385,P0004688
P0002386,P0002364
P0002387,P0003922
P0002388,P0003487
P0002389,P000395
P0002390,P0004465
P0002391,P0001403
P0002392,P0002154
P0002393,P000672
P0002394,P0002133
P0002395,P0002404
P0002396,P0003662
P0002397,P0003016
P0002398,P0001900
P0002399,P0004022
P0002400,P0001091
P0002401,P000610
P0002402,P0004979
P0002403,P0002658
P0002404,P0002043
P0002405,P0001190
P0002406,P0004697
P0002407,P0001485
P0002408,P0003176
P0002409,P0003583
P0002410,P000554
P0002411,P0003607
P0002412,P000165
P0002413,P000918
P0002414,P0002384
P0002415,P0002350
P0002416,P0004416
P0002417,P0002808
P0002418,P0003820
P0002419,P0001004
P0002420,P0004283
P0002421,P0003615
P0002422,P0002676
P0002423,P0004234
P0002424,P000181
P0002425,P00081
P0002426,P0001921
P0002427,P0002116
P0002428,P0004709
P0002429,P0004157
P0002430,P0003627
P0002431,P000388
P0002432,P000858
P0002433,P000914
P0002434,P0004664
P0002435,P0002133
P0002436,P0003415
P0002437,P0001745
P0002438,P0001909
P0002439,P0001517
P0002440,P000939
P0002441,P0004920
P0002442,P0001461
P0002443,P0004644
P0002444,P0003050
P0002445,P0003755
P0002446,P000670
P0002447,P000826
P0002448,P000321
P0002449,P0002234
P0002450,P0003786
P0002451,P0004808
P0002452,P0001772
P0002453,P0004005
P0002454,P0001692
P0002455,P0001530
P0002456,P0002819
P0002457,P0003040
P0002458,P0003508
P0002459,P00078
P0002460,P0004521
P0002461,P0003112
P0002462,P0002782
P0002463,P0002320
P0002464,P0003185
P0002465,P0003489
P0002466,P0003657
P0002467,P0004597
P0002468,P0002652
P0002469,P0004856
P0002470,P0002627
P0002471,P0002524
P0002472,P000133
P0002473,P0002567
P0002474,P0004476
P0002475,P0004614
P0002476,P00049
P0002477,P0003753
P0002478,P0001557
P0002479,P0004944
P0002480,P0004149
P0002481,P000710
P0002482,P0003822
P0002483,P0003557
P0002484,P000135
P0002485,P000228
P0002486,P0002923
P0002487,P000616
P0002488,P000103
P0002489,P0002220
P0002490,P0002261
P0002491,P0001601
P0002492,P0004406
P0002493,P0001092
P0002494,P0001058
P0002495,P000978
P0002496,P000934
P0002497,P0004776
P0002498,P0004442
P0002499,P000867
P0002500,P0004395
P0002501,P0004237
P0002502,P0003009
P0002503,P0004180
P0002504,P0004926
P0002505,P000603
P0002506,P0004562
P0002507,P0003596
P0002508,P000205
P0002509,P0002718
P0002510,P0002519
P0002511,P0003530
P0002512,P000347
P0002513,P00088
P0002514,P00029
P0002515,P0001924
P0002516,P0001
P0002517,P0004668
P0002518,P000945
P0002519,P0002316
P0002520,P0002464
P0002521,P0004897
P0002522,P0003636
P0002523,P0004120
P0002524,P0001125
P0002525,P0001697
P0002526,P0001088
P0002527,P000483
P0002528,P0004216
P0002529,P0003901
P0002530,P000841
P0002531,P0003390
P0002532,P0004698
P0002533,P0004725
P0002534,P0001128
P0002535,P0004912
P0002536,P0003045
P0002537,P0001446
P0002538,P0004974
P0002539,P0001627
P0002540,P0001883
P0002541,P0002400
P0002542,P0002129
P0002543,P0001284
P0002544,P0002681
P0002545,P0003789
P0002546,P0004462
P0002547,P0001703
P0002548,P0001187
P0002549,P0003553
P0002550,P0003813
P0002551,P0001775
P0002552,P0004873
P0002553,P000732
P0002554,P0002402
P0002555,P0003177
P0002556,P0002443
P0002557,P0001343
P0002558,P0004573
P0002559,P0004056
P0002560,P0002353
P0002561,P000763
P0002562,P00055
P0002563,P0002536
P0002564,P0004387
P0002565,P0003031
P0002566,P0002917
P0002567,P0003353
P0002568,P000552
P0002569,P0004256
P0002570,P0002111
P0002571,P000314
P0002572,P0003952
P0002573,P000554
P0002574,P0003814
P0002575,P000545
P0002576,P0001828
P0002577,P000526
P0002578,P0002788
P0002579,P0003724
P0002580,P0001685
P0002581,P0003328
P0002582,P0004636
P0002583,P000537
P0002584,P0002232
P0002585,P000798
P0002586,P0003112
P0002587,P0004654
P0002588,P0003932
P0002589,P000952
P0002590,P0001664
P0002591,P0001403
P0002592,P0002081
P0002593,P000379
P0002594,P000945
P0002595,P0004139
P0002596,P0003680
P0002597,P0004738
P0002598,P0004359
P0002599,P0001040
P0002600,P0002856
P0002601,P0004589
P0002602,P0001614
P0002603,P000683
P0002604,P0003201
P0002605,P0003252
P0002606,P000855
P0002607,P0004299
P0002608,P0004201
P0002609,P0004265
P0002610,P0003199
P0002611,P0001027
P0002612,P0002905
P0002613,P0003275
P0002614,P0004385
P0002615,P0004867
P0002616,P0001028
P0002617,P0002860
P0002618,P0001831
P0002619,P0003252
P0002620,P0002025
P0002621,P0003884
P0002622,P0001591
P0002623,P0002358
P0002624,P0002012
P0002625,P0003467
P0002626,P0003573
P0002627,P0003299
P0002628,P0003049
P0002629,P0002546
P0002630,P0004934
P0002631,P0001361
P0002632,P0001991
P0002633,P000300
P0002634,P000715
P0002635,P0002292
P0002636,P0003026
P0002637,P0003438
P0002638,P0002650
P0002639,P000444
P0002640,P0002037
P0002641,P000441
P0002642,P0001571
P0002643,P0003279
P0002644,P0001159
P0002645,P0004387
P0002646,P000968
P0002647,P000331
P0002648,P0002221
P0002649,P0002901
P0002650,P0004108
P0002651,P0002225
P0002652,P0003311
P0002653,P000122
P0002654,P0004542
P0002655,P0001763
P0002656,P0003341
P0002657,P0003297
P0002658,P0004984
P0002659,P0004415
P0002660,P000334
P0002661,P000770
P0002662,P0002306
P0002663,P0004763
P0002664,P000131
P0002665,P0003697
P0002666,P0001833
P0002667,P0003587
P0002668,P0003351
P0002669,P000744
P0002670,P0002211
P0002671,P0002305
P0002672,P0004727
P0002673,P0003427
P0002674,P0002877
P0002675,P0002439
P0002676,P000405
P0002677,P0004486
P0002678,P0004544
P0002679,P0002616
P0002680,P000393
P0002681,P0002902
P0002682,P0004197
P0002683,P0004359
P0002684,P00093
P0002685,P0001709
P0002686,P0004794
P0002687,P000613
P0002688,P0001802
P0002689,P0003773
P0002690,P0001245
P0002691,P0002489
P0002692,P0004107
P0002693,P0001086
P0002694,P0003270
P0002695,P000195
P0002696,P0004365
P0002697,P0004940
P0002698,P0002428
P0002699,P0003503
P0002700,P0001809
P0002701,P0002543
P0002702,P0004924
P0002703,P000392
P0002704,P0001401
P0002705,P000245
P0002706,P0003849
P0002707,P0004685
P0002708,P0001235
P0002709,P0004601
P0002710,P0004090
P0002711,P0004609
P0002712,P0004143
P0002713,P0004870
P0002714,P000534
P0002715,P0004205
P0002716,P0002188
P0002717,P0004427
P0002718,P00093
P0002719,P0003440
P0002720,P000879
P0002721,P0003778
P0002722,P000728
P0002723,P000665
P0002724,P0003290
P0002725,P0004528
P0002726,P000941
P0002727,P0002810
P0002728,P0002715
P0002729,P0001703
P0002730,P0001093
P0002731,P0004325
P0002732,P0001162
P0002733,P0001261
P0002734,P0003552
P0002735,P000418
P0002736,P0004761
P0002737,P000536
P0002738,P0001886
P0002739,P0003576
P0002740,P0001113
P0002741,P0001586
P0002742,P000220
P0002743,P0004718
P0002744,P0002734
P0002745,P0001118
P0002746,P0002460
P0002747,P0001559
P0002748,P0004976
P0002749,P000737
P0002750,P0002281
P0002751,P0001950
P0002752,P0001261
P0002753,P0002764
P0002754,P0003652
P0002755,P0004023
P0002756,P0003011
P0002757,P0004739
P0002758,P0003198
P0002759,P0002919
P0002760,P0001405
P0002761,P00069
P0002762,P0004908
P0002763,P000796
P0002764,P0002986
P0002765,P0002940
P0002766,P0004490
P0002767,P0002556
P0002768,P0001162
P0002769,P0002776
P0002770,P000219
P0002771,P0004473
P0002772,P000864
P0002773,P0001994
P0002774,P0004250
P0002775,P0001455
P0002776,P0003983
P0002777,P000788
P0002778,P0003192
P0002779,P0001196
P0002780,P0003707
P0002781,P0003962
P0002782,P0004183
P0002783,P0004913
P0002784,P0001555
P0002785,P0002595
P0002786,P0002860
P0002787,P0004622
P0002788,P0001727
P0002789,P0002463
P0002790,P0002375
P0002791,P0001187
P0002792,P0003385
P0002793,P0001686
P0002794,P0003036
P0002795,P000467
P0002796,P0002592
P0002797,P0002042
P0002798,P000269
P0002799,P0001956
P0002800,P0001948
P0002801,P0001737
P0002802,P0004317
P0002803,P000210
P0002804,P0002415
P0002805,P0002197
P0002806,P0003520
P0002807,P0004250
P0002808,P0003414
P0002809,P0002637
P0002810,P0004051
P0002811,P0003849
P0002812,P0004049
P0002813,P0003720
P0002814,P0002726
P0002815,P0004301
P0002816,P000236
P0002817,P000634
P0002818,P000865
P0002819,P0002800
P0002820,P0004583
P0002821,P0001293
P0002822,P0001207
P0002823,P00082
P0002824,P0003100
P0002825,P0002172
P0002826,P0001573
P0002827,P000310
P0002828,P000203
P0002829,P0002512
P0002830,P0003313
P0002831,P000507
P0002832,P0001032
P0002833,P0002208
P0002834,P0004555
P0002835,P0003010
P0002836,P0002785
P0002837,P0004761
P0002838,P0002956
P0002839,P000536
P0002840,P0004650
P0002841,P0004058
P0002842,P0004932
P0002843,P0003442
P0002844,P0003889
P0002845,P0002609
P0002846,P0003331
P0002847,P0002671
P0002848,P0003863
P0002849,P0004085
P0002850,P0003130
P0002851,P0004708
P0002852,P0003030
P0002853,P0004671
P0002854,P00017
P0002855,P0001581
P0002856,P0002511
P0002857,P000769
P0002858,P0004645
P0002859,P0004572
P0002860,P0003385
P0002861,P00087
P0002862,P000942
P0002863,P0004848
P0002864,P0003730
P0002865,P0003958
P0002866,P000118
P0002867,P0002655
P0002868,P0004321
P0002869,P0001064
P0002870,P0002891
P0002871,P0004071
P0002872,P0001055
P0002873,P0001363
P0002874,P0001030
P0002875,P000570
P0002876,P0001388
P0002877,P0004144
P0002878,P000532
P0002879,P0001810
P0002880,P0001531
P0002881,P000587
P0002882,P0002604
P0002883,P0001114
P0002884,P000685
P0002885,P0004132
P0002886,P000163
P0002887,P0001115
P0002888,P0003363
P0002889,P0001241
P0002890,P0001756
P0002891,P0003879
P0002892,P000720
P0002893,P000854
P0002894,P0001628
P0002895,P000632
P0002896,P0001846
P0002897,P0002953
P0002898,P0004168
P0002899,P000907
P0002900,P0001189
P0002901,P000172
P0002902,P0003129
P0002903,P0004510
P0002904,P0003636
P0002905,P0001310
P0002906,P000810
P0002907,P0002232
P0002908,P0004281
P0002909,P0001939
P0002910,P0004864
P0002911,P0002615
P0002912,P000586
P0002913,P00049
P0002914,P000512
P0002915,P0002439
P0002916,P000447
P0002917,P0003804
P0002918,P0003727
P0002919,P0002772
P0002920,P000708
P0002921,P0004033
P0002922,P0001392
P0002923,P000596
P0002924,P0001734
P0002925,P0001062
P0002926,P0002500
P0002927,P0003038
P0002928,P0003
P0002929,P0003821
P0002930,P000251
P0002931,P0002173
P0002932,P0002113
P0002933,P0003961
P0002934,P0003267
P0002935,P0003235
P0002936,P000184
P0002937,P0003881
P0002938,P000237
P0002939,P0002810
P0002940,P000429
P0002941,P000142
P0002942,P000989
P0002943,P0001239
P0002944,P0003573
P0002945,P0002747
P0002946,P0003387
P0002947,P00058
P0002948,P0002864
P0002949,P0001151
P0002950,P0004461
P0002951,P000746
P0002952,P0002677
P0002953,P0004671
P0002954,P000862
P0002955,P000434
P0002956,P0003072
P0002957,P0003181
P0002958,P0003097
P0002959,P0003534
P0002960,P0003226
P0002961,P0003568
P0002962,P0004959
P0002963,P000427
P0002964,P0004367
P0002965,P0003484
P0002966,P0004259
P0002967,P000428
P0002968,P000673
P0002969,P0001309
P0002970,P0003242
P0002971,P0001304
P0002972,P0004620
P0002973,P000120
P0002974,P0002075
P0002975,P0001469
P0002976,P0001453
P0002977,P0003660
P0002978,P0001362
P0002979,P0003837
P0002980,P000743
P0002981,P0003973
P0002982,P0004976
P0002983,P0002037
P0002984,P0001497
P0002985,P0003417
P0002986,P0002404
P0002987,P000300
P0002988,P000927
P0002989,P0003209
P0002990,P000376
P0002991,P0002892
P0002992,P000774
P0002993,P0001546
P0002994,P0001846
P0002995,P0002378
P0002996,P0004009
P0002997,P0001600
P0002998,P0001233
P0002999,P0003393
P0003000,P0003901
P0003001,P0003362
P0003002,P0003453
P0003003,P0004811
P0003004,P0001621
P0003005,P0003395
P0003006,P000430
P0003007,P0003373
P0003008,P0003059
P0003009,P0003064
P0003010,P0002696
P0003011,P000931
P0003012,P00017
P0003013,P0003655
P0003014,P000186
P0003015,P000401
P0003016,P000761
P0003017,P0001173
P0003018,P000526
P0003019,P0002413
P0003020,P0004719
P0003021,P0004236
P0003022,P0004963
P0003023,P000444
P0003024,P0001227
P0003025,P000665
P0003026,P0001580
P0003027,P0001889
P0003028,P0002375
P0003029,P0001842
P0003030,P0002563
P0003031,P0001140
P0003032,P000388
P0003033,P0003862
P0003034,P0002162
P0003035,P0003256
P0003036,P000482
P0003037,P000826
P0003038,P0004376
P0003039,P0003181
P0003040,P000798
P0003041,P0003370
P0003042,P0004572
P0003043,P000828
P0003044,P0001859
P0003045,P0004658
P0003046,P0002000
P0003047,P0001552
P0003048,P0003954
P0003049,P0001629
P0003050,P000611
P0003051,P0004653
P0003052,P0002014
P0003053,P0001248
P0003054,P0003663
P0003055,P0004604
P0003056,P0003814
P0003057,P0004861
P0003058,P0003361
P0003059,P000645
P0003060,P0003814
P0003061,P0003538
P0003062,P000179
P0003063,P000200
P0003064,P0001525
P0003065,P0003471
P0003066,P0002554
P0003067,P000377
P0003068,P00085
P0003069,P0003043
P0003070,P0001386
P0003071,P0004427
P0003072,P0002618
P0003073,P0002219
P0003074,P000124
P0003075,P0001642
P0003076,P0001043
P0003077,P000272
P0003078,P000265
P0003079,P0004612
P0003080,P0004217
P0003081,P0004676
P0003082,P0003764
P0003083,P0002169
P0003084,P0004708
P0003085,P0002194
P0003086,P0003207
P0003087,P0004623
P0003088,P0001001
P0003089,P0002811
P0003090,P0002582
P0003091,P00075
P0003092,P0004682
P0003093,P0003187
P0003094,P0001142
P0003095,P0001707
P0003096,P0004961
P0003097,P0003719
P0003098,P000178
P0003099,P000950
P0003100,P000945
P0003101,P0002136
P0003102,P0002458
P0003103,P000335
P0003104,P000210
P0003105,P0001817
P0003106,P0001728
P0003107,P0002657
P0003108,P000564
P0003109,P0004609
P0003110,P0004956
P0003111,P0004807
P0003112,P000374
P0003113,P0001049
P0003114,P0002908
P0003115,P000238
P0003116,P0001452
P0003117,P000287
P0003118,P000268
P0003119,P0003606
P0003120,P0002320
P0003121,P0002901
P0003122,P0004736
P0003123,P0004517
P0003124,P0003577
P0003125,P0002078
P0003126,P000454
P0003127,P0004721
P0003128,P0001257
P0003129,P0002275
P0003130,P0004669
P0003131,P0004278
P0003132,P0003267
P0003133,P0004586
P0003134,P0002746
P0003135,P0002454
P0003136,P0003468
P0003137,P0004531
P0003138,P000537
P0003139,P0003120
P0003140,P0002499
P0003141,P000853
P0003142,P0004624
P0003143,P0002423
P0003144,P0004195
P0003145,P0003238
P0003146,P000136
P0003147,P0003370
P0003148,P0001328
P0003149,P0002569
P0003150,P0002705
P0003151,P0002770
P0003152,P0004452
P0003153,P0004439
P0003154,P000581
P0003155,P000639
P0003156,P0002832
P0003157,P000164
P0003158,P000134
P0003159,P000802
P0003160,P0001777
P0003161,P0004485
P0003162,P0002727
P0003163,P0003916
P0003164,P0001240
P0003165,P000449
P0003166,P0003443
P0003167,P000552
P0003168,P0001195
P0003169,P0004728
P0003170,P0002265
P0003171,P0002288
P0003172,P000119
P0003173,P000755
P0003174,P0001080
P0003175,P0003003
P0003176,P0003923
P0003177,P0002636
P0003178,P000308
P0003179,P000663
P0003180,P0003773
P0003181,P0004722
P0003182,P0002073
P0003183,P0001965
P0003184,P0002565
P0003185,P000122
P0003186,P0002548
P0003187,P0003108
P0003188,P0001250
P0003189,P0001181
P0003190,P0004526
P0003191,P0004838
P0003192,P0002833
P0003193,P0001143
P0003194,P0002333
P0003195,P0003658
P0003196,P0003597
P0003197,P0003794
P0003198,P0004907
P0003199,P0003747
P0003200,P0003066
P0003201,P0001865
P0003202,P0004228
P0003203,P000717
P0003204,P0001258
P0003205,P000383
P0003206,P000346
P0003207,P0003796
P0003208,P0004042
P0003209,P0002947
P0003210,P000899
P0003211,P0002411
P0003212,P0004762
P0003213,P0002123
P0003214,P0002381
P0003215,P0001428
P0003216,P0002889
P0003217,P0004753
P0003218,P0002407
P0003219,P0001508
P0003220,P0003098
P0003221,P0004025
P0003222,P0001873
P0003223,P0002118
P0003224,P0001086
P0003225,P0002525
P0003226,P0003232
P0003227,P0004763
P0003228,P000411
P0003229,P0004384
P0003230,P0001044
P0003231,P0002900
P0003232,P0002829
P0003233,P0004829
P0003234,P0003624
P0003235,P0002811
P0003236,P0002924
P0003237,P0002113
P0003238,P0004841
P0003239,P0001463
P0003240,P0001295
P0003241,P0004836
P0003242,P0003099
P0003243,P0002961
P0003244,P0004231
P0003245,P0002153
P0003246,P00089
P0003247,P0004801
P0003248,P0001558
P0003249,P000204
P0003250,P000171
P0003251,P0003510
P0003252,P0003342
P0003253,P000369
P0003254,P0002133
P0003255,P0001657
P0003256,P000183
P0003257,P0003660
P0003258,P0003647
P0003259,P0004441
P0003260,P0001147
P0003261,P000612
P0003262,P0004936
P0003263,P0004249
P0003264,P0002770
P0003265,P0002533
P0003266,P0002074
P0003267,P000614
P0003268,P0002164
P0003269,P0002884
P0003270,P0001827
P0003271,P0001019
P0003272,P0001961
P0003273,P0001832
P0003274,P0004162
P0003275,P0004818
P0003276,P0004751
P0003277,P0002765
P0003278,P000370
P0003279,P0003391
P0003280,P0004686
P0003281,P0001635
P0003282,P0004264
P0003283,P0004291
P0003284,P0004139
P0003285,P0003538
P0003286,P0001045
P0003287,P000773
P0003288,P0003660
P0003289,P000867
P0003290,P0003260
P0003291,P000582
P0003292,P0003967
P0003293,P0003687
P0003294,P000721
P0003295,P0004299
P0003296,P0004417
P0003297,P000750
P0003298,P0001407
P0003299,P0003853
P0003300,P0003180
P0003301,P0003689
P0003302,P0003100
P0003303,P0001040
P0003304,P000369
P0003305,P0002485
P0003306,P0001001
P0003307,P0004002
P0003308,P0001461
P0003309,P0002282
P0003310,P0004610
P0003311,P0001684
P0003312,P0004701
P0003313,P0004956
P0003314,P0002927
P0003315,P0002202
P0003316,P0002576
P0003317,P0003631
P0003318,P000447
P0003319,P000911
P0003320,P0004084
P0003321,P0004526
P0003322,P0002431
P0003323,P0002737
P0003324,P0001281
P0003325,P0003066
P0003326,P0001724
P0003327,P000958
P0003328,P000496
P0003329,P000208
P0003330,P000693
P0003331,P0001232
P0003332,P000690
P0003333,P000324
P0003334,P000931
P0003335,P000109
P0003336,P0003671
P0003337,P0003765
P0003338,P00043
P0003339,P0001654
P0003340,P0003241
P0003341,P000466
P0003342,P0004166
P0003343,P0004108
P0003344,P0002933
P0003345,P000547
P0003346,P0001885
P0003347,P000687
P0003348,P0004656
P0003349,P0003892
P0003350,P0004843
P0003351,P0004719
P0003352,P0003447
P0003353,P0003112
P0003354,P0002675
P0003355,P0004352
P0003356,P0001545
P0003357,P0003141
P0003358,P0004835
P0003359,P000926
P0003360,P0003145
P0003361,P000930
P0003362,P0004535
P0003363,P0002977
P0003364,P0004545
P0003365,P000387
P0003366,P000263
P0003367,P0004518
P0003368,P0002863
P0003369,P000719
P0003370,P0003322
P0003371,P0001894
P0003372,P000139
P0003373,P000821
P0003374,P000371
P0003375,P0003045
P0003376,P0003442
P0003377,P0003222
P0003378,P0003249
P0003379,P0001453
P0003380,P000542
P0003381,P0003332
P0003382,P0004221
P0003383,P0004371
P0003384,P0004816
P0003385,P0003469
P0003386,P0003383
P0003387,P0001246
P0003388,P0002317
P0003389,P0001170
P0003390,P0001142
P0003391,P0003332
P0003392,P0003367
P0003393,P0002823
P0003394,P0002598
P0003395,P0004631
P0003396,P000592
P0003397,P0001522
P0003398,P0002147
P0003399,P0002220
P0003400,P00056
P0003401,P0002371
P0003402,P000829
P0003403,P000925
P0003404,P0002048
P0003405,P0004159
P0003406,P000786
P0003407,P0003093
P0003408,P0003102
P0003409,P0003444
P0003410,P000687
P0003411,P0003887
P0003412,P0001045
P0003413,P000603
P0003414,P0003123
P0003415,P0001146
P0003416,P000225
P0003417,P0002340
P0003418,P0004797
P0003419,P0001347
P0003420,P0004557
P0003421,P0001468
P0003422,P0002806
P0003423,P0004623
P0003424,P0001741
P0003425,P0002523
P0003426,P000403
P0003427,P0002095
P0003428,P0002788
P0003429,P000917
P0003430,P0003440
P0003431,P0003024
P0003432,P0001995
P0003433,P0003877
P0003434,P0004112
P0003435,P0002393
P0003436,P0003633
P0003437,P0003402
P0003438,P0001707
P0003439,P0001581
P0003440,P0002933
P0003441,P0004792
P0003442,P000830
P0003443,P000729
P0003444,P000361
P0003445,P0004117
P0003446,P000955
P0003447,P0001249
P0003448,P0004823
P0003449,P0004145
P0003450,P0002233
P0003451,P000669
P0003452,P0003180
P0003453,P000833
P0003454,P0001196
P0003455,P0004699
P0003456,P000378
P0003457,P0001481
P0003458,P0001355
P0003459,P0002923
P0003460,P0001566
P0003461,P0001052
P0003462,P0002744
P0003463,P00050
P0003464,P0004828
P0003465,P0004931
P0003466,P0001125
P0003467,P0003989
P0003468,P000508
P0003469,P0004649
P0003470,P0001920
P0003471,P000328
P0003472,P000690
P0003473,P0002676
P0003474,P000932
P0003475,P0004985
P0003476,P00061
P0003477,P0003421
P0003478,P0003562
P0003479,P0002888
P0003480,P0002266
P0003481,P00012
P0003482,P0001556
P0003483,P000546
P0003484,P0003856
P0003485,P000237
P0003486,P0001267
P0003487,P0004303
P0003488,P0001129
P0003489,P000308
P0003490,P00036
P0003491,P0003869
P0003492,P0003447
P0003493,P0001696
P0003494,P0002599
P0003495,P0002429
P0003496,P000131
P0003497,P0004411
P0003498,P0002323
P0003499,P000308
P0003500,P0001662
P0003501,P0004479
P0003502,P0002705
P0003503,P0003659
P0003504,P0004687
P0003505,P0004302
P0003506,P0002785
P0003507,P0003102
P0003508,P0004333
P0003509,P0001818
P0003510,P0001042
P0003511,P0004603
P0003512,P0001365
P0003513,P0003050
P0003514,P000901
P0003515,P0001111
P0003516,P0001062
P0003517,P0002761
P0003518,P0002187
P0003519,P0003659
P0003520,P00045
P0003521,P0004361
P0003522,P0001738
P0003523,P0004675
P0003524,P0001905
P0003525,P0003154
P0003526,P0002929
P0003527,P0004248
P0003528,P0002177
P0003529,P0001291
P0003530,P0003017
P0003531,P0001957
P0003532,P0003136
P0003533,P0003516
P0003534,P0004091
P0003535,P0002668
P0003536,P0003888
P0003537,P0004893
P0003538,P0002876
P0003539,P0004382
P0003540,P0001467
P0003541,P000237
P0003542,P0001814
P0003543,P0004832
P0003544,P0003982
P0003545,P0004881
P0003546,P0003651
P0003547,P0001031
P0003548,P0002384
P0003549,P0002773
P0003550,P0004223
P0003551,P0002356
P0003552,P0003084
P0003553,P000590
P0003554,P0003249
P0003555,P0003121
P0003556,P0004483
P0003557,P000761
P0003558,P000726
P0003559,P0004757
P0003560,P0001452
P0003561,P0001787
P0003562,P0001964
P0003563,P000908
P0003564,P0002950
P0003565,P0001235
P0003566,P0002362
P0003567,P000728
P0003568,P0004233
P0003569,P000146
P0003570,P0003803
P0003571,P0001653
P0003572,P0001598
P0003573,P0002359
P0003574,P0002933
P0003575,P0002747
P0003576,P0004175
P0003577,P0003420
P0003578,P0002654
P0003579,P0003486
P0003580,P0004072
P0003581,P0001369
P0003582,P0001865
P0003583,P000492
P0003584,P0003068
P0003585,P000623
P0003586,P0004888
P0003587,P0001314
P0003588,P0001154
P0003589,P000636
P0003590,P0001003
P0003591,P0004815
P0003592,P0004433
P0003593,P0002766
P0003594,P0001225
P0003595,P0002107
P0003596,P0002281
P0003597,P0002023
P0003598,P0003810
P0003599,P000255
P0003600,P0001228
P0003601,P0004956
P0003602,P0001932
P0003603,P0003189
P0003604,P000692
P0003605,P000986
P0003606,P0001664
P0003607,P000320
P0003608,P0003591
P0003609,P0001899
P0003610,P000703
P0003611,P0003400
P0003612,P0002835
P0003613,P0003056
P0003614,P0003207
P0003615,P0001054
P0003616,P0002891
P0003617,P000111
P0003618,P0003796
P0003619,P0003236
P0003620,P0003939
P0003621,P0001670
P0003622,P0003976
P0003623,P0004592
P0003624,P0004601
P0003625,P0001396
P0003626,P0002256
P0003627,P0001327
P0003628,P0002887
P0003629,P0002490
P0003630,P0004742
P0003631,P000719
P0003632,P0003772
P0003633,P0003377
P0003634,P0001308
P0003635,P000877
P0003636,P000789
P0003637,P000664
P0003638,P0003290
P0003639,P000655
P0003640,P0003116
P0003641,P0004145
P0003642,P0002256
P0003643,P000927
P0003644,P0003899
P0003645,P0003685
P0003646,P000582
P0003647,P0003564
P0003648,P0004980
P0003649,P0004315
P0003650,P0003466
P0003651,P0003536
P0003652,P0002768
P0003653,P0003782
P0003654,P0003516
P0003655,P0002518
P0003656,P0004719
P0003657,P0001049
P0003658,P0003260
P0003659,P0004280
P0003660,P000786
P0003661,P00025
P0003662,P0002732
P0003663,P0002913
P0003664,P0004245
P0003665,P0004840
P0003666,P0003820
P0003667,P0004639
P0003668,P0001490
P0003669,P0001557
P0003670,P000188
P0003671,P0002559
P0003672,P000767
P0003673,P0001116
P0003674,P0001413
P0003675,P0001173
P0003676,P000305
P0003677,P0004635
P0003678,P0002435
P0003679,P0003959
P0003680,P0001999
P0003681,P0004952
P0003682,P0004533
P0003683,P0002573
P0003684,P0002597
P0003685,P0002409
P0003686,P0001833
P0003687,P000484
P0003688,P000345
P0003689,P0003457
P0003690,P0002787
P0003691,P0001969
P0003692,P0001181
P0003693,P0002608
P0003694,P0004130
P0003695,P0004456
P0003696,P0004835
P0003697,P0001617
P0003698,P000610
P0003699,P0003097
P0003700,P0002694
P0003701,P0004565
P0003702,P0002140
P0003703,P0001369
P0003704,P000838
P0003705,P0003668
P0003706,P0001135
P0003707,P000189
P0003708,P0003464
P0003709,P0003253
P0003710,P0001457
P0003711,P000735
P0003712,P0003810
P0003713,P0003281
P0003714,P0001810
P0003715,P0002712
P0003716,P0001768
P0003717,P0004258
P0003718,P000425
P0003719,P000290
P0003720,P0004609
P0003721,P0002113
P0003722,P0004579
P0003723,P0002297
P0003724,P0004638
P0003725,P0004869
P0003726,P0002813
P0003727,P0001563
P0003728,P000129
P0003729,P0002539
P0003730,P0004731
P0003731,P000492
P0003732,P0003593
P0003733,P0002698
P0003734,P0002905
P0003735,P0001026
P0003736,P0004297
P0003737,P0001594
P0003738,P0003720
P0003739,P0002194
P0003740,P0004954
P0003741,P0004530
P0003742,P0003962
P0003743,P0002329
P0003744,P000679
P0003745,P0004444
P0003746,P0002571
P0003747,P000866
P0003748,P0001629
P0003749,P0004301
P0003750,P0002266
P0003751,P0001351
P0003752,P0004227
P0003753,P0001926
P0003754,P0003673
P0003755,P0002920
P0003756,P0004513
P0003757,P000398
P0003758,P000192
P0003759,P0002057
P0003760,P000938
P0003761,P0002961
P0003762,P00064
P0003763,P0004859
P0003764,P0002905
P0003765,P0003701
P0003766,P0003034
P0003767,P0002402
P0003768,P000431
P0003769,P0003895
P0003770,P0002529
P0003771,P0003059
P0003772,P0004577
P0003773,P0004044
P0003774,P000522
P0003775,P000762
P0003776,P0002735
P0003777,P0003063
P0003778,P0001092
P0003779,P0002292
P0003780,P0002394
P0003781,P0004021
P0003782,P000249
P0003783,P0004639
P0003784,P0001781
P0003785,P000122
P0003786,P0003745
P0003787,P000357
P0003788,P000628
P0003789,P000304
P0003790,P0001465
P0003791,P0004627
P0003792,P0004385
P0003793,P000976
P0003794,P0001475
P0003795,P0002437
P0003796,P000369
P0003797,P0003921
P0003798,P0003937
P0003799,P0002873
P0003800,P0004740
P0003801,P000312
P0003802,P0004954
P0003803,P00040
P0003804,P0004658
P0003805,P0002139
P0003806,P0002840
P0003807,P0001523
P0003808,P000678
P0003809,P00070
P0003810,P0004434
P0003811,P000632
P0003812,P000259
P0003813,P000910
P0003814,P0001882
P0003815,P0002891
P0003816,P0004227
P0003817,P0003400
P0003818,P000710
P0003819,P000346
P0003820,P0004199
P0003821,P0003026
P0003822,P0003126
P0003823,P0004347
P0003824,P000237
P0003825,P0004885
P0003826,P0001228
P0003827,P0003347
P0003828,P0004479
P0003829,P0003433
P0003830,P0003203
P0003831,P0002147
P0003832,P0003085
P0003833,P0004101
P0003834,P0001648
P0003835,P0002757
P0003836,P000595
P0003837,P0004362
P0003838,P0001885
P0003839,P0004708
P0003840,P0002737
P0003841,P000810
P0003842,P0004477
P0003843,P0004212
P0003844,P000765
P0003845,P0004218
P0003846,P000226
P0003847,P0002053
P0003848,P0002677
P0003849,P0001334
P0003850,P0002576
P0003851,P0004447
P0003852,P0004009
P0003853,P000390
P0003854,P0001715
P0003855,P0004432
P0003856,P0003487
P0003857,P0001907
P0003858,P0001644
P0003859,P0003503
P0003860,P0001478
P0003861,P0002409
P0003862,P0001163
P0003863,P0004336
P0003864,P0002082
P0003865,P0001066
P0003866,P0001994
P0003867,P000428
P0003868,P0002667
P0003869,P0003145
P0003870,P0002270
P0003871,P0002408
P0003872,P0002877
P0003873,P0004373
P0003874,P0001211
P0003875,P0003580
P0003876,P0003415
P0003877,P0001948
P0003878,P0001088
P0003879,P0003986
P0003880,P0003413
P0003881,P0001026
P0003882,P000533
P0003883,P0002906
P0003884,P0003841
P0003885,P0004920
P0003886,P0003824
P0003887,P0004258
P0003888,P0003188
P0003889,P0003151
P0003890,P0004015
P0003891,P0002787
P0003892,P000594
P0003893,P0003744
P0003894,P0003712
P0003895,P0001283
P0003896,P000745
P0003897,P0004834
P0003898,P000829
P0003899,P000347
P0003900,P0004077
P0003901,P000745
P0003902,P0002884
P0003903,P0002347
P0003904,P000260
P0003905,P0004187
P0003906,P0002271
P0003907,P000304
P0003908,P0002535
P0003909,P0004102
P0003910,P0001466
P0003911,P000409
P0003912,P000158
P0003913,P0003009
P0003914,P0001311
P0003915,P0003750
P0003916,P0001148
P0003917,P0003397
P0003918,P0002356
P0003919,P0003619
P0003920,P0002535
P0003921,P0004827
P0003922,P0003764
P0003923,P0004463
P0003924,P000529
P0003925,P0001924
P0003926,P0001375
P0003927,P0002138
P0003928,P0003389
P0003929,P0003383
P0003930,P0001422
P0003931,P0002619
P0003932,P000261
P0003933,P0003422
P0003934,P0003767
P0003935,P0002767
P0003936,P0004948
P0003937,P0004861
P0003938,P0003720
P0003939,P0002014
P0003940,P0004389
P0003941,P0002180
P0003942,P0004241
P0003943,P0003107
P0003944,P0002601
P0003945,P0003402
P0003946,P000770
P0003947,P0003155
P0003948,P0001986
P0003949,P0001672
P0003950,P0004025
P0003951,P0003240
P0003952,P000199
P0003953,P000714
P0003954,P0001853
P0003955,P000850
P0003956,P0002201
P0003957,P0003150
P0003958,P0004622
P0003959,P0004180
P0003960,P0003766
P0003961,P0001824
P0003962,P0004692
P0003963,P0001140
P0003964,P0004437
P0003965,P0001877
P0003966,P0004244
P0003967,P0003571
P0003968,P0004867
P0003969,P000275
P0003970,P0002087
P0003971,P0003696
P0003972,P000547
P0003973,P0004928
P0003974,P0004115
P0003975,P000376
P0003976,P0001160
P0003977,P0002313
P0003978,P0003757
P0003979,P0002045
P0003980,P0002185
P0003981,P000720
P0003982,P0003111
P0003983,P0001545
P0003984,P0002910
P0003985,P000877
P0003986,P0002451
P0003987,P000240
P0003988,P0002732
P0003989,P0001710
P0003990,P000437
P0003991,P0004896
P0003992,P000469
P0003993,P0001425
P0003994,P0004685
P0003995,P000828
P0003996,P0004407
P0003997,P0002939
P0003998,P0002305
P0003999,P0003703
P0004000,P0004009
P0004001,P0002918
P0004002,P0002655
P0004003,P000238
P0004004,P0002491
P0004005,P000333
P0004006,P0004809
P0004007,P0004724
P0004008,P0003010
P0004009,P0003490
P0004010,P000198
P0004011,P0003952
P0004012,P0004781
P0004013,P0003951
P0004014,P0001469
P0004015,P0002664
P0004016,P0004289
P0004017,P0001628
P0004018,P0001839
P0004019,P00064
P0004020,P000686
P0004021,P0002601
P0004022,P000138
P0004023,P000306
P0004024,P0003570
P0004025,P0004890
P0004026,P000295
P0004027,P0001104
P0004028,P000609
P0004029,P0002493
P0004030,P000232
P0004031,P0004794
P0004032,P0001894
P0004033,P0004481
P0004034,P0003995
P0004035,P000222
P0004036,P0002490
P0004037,P0003869
P0004038,P0002502
P0004039,P0001822
P0004040,P0004349
P0004041,P000227
P0004042,P0002451
P0004043,P0004120
P0004044,P0003688
P0004045,P000775
P0004046,P0004781
P0004047,P000697
P0004048,P0004932
P0004049,P0001749
P0004050,P0003573
P0004051,P0001315
P0004052,P0002561
P0004053,P000401
P0004054,P0003438
P0004055,P0004532
P0004056,P0002524
P0004057,P0002891
P0004058,P0003243
P0004059,P000624
P0004060,P000415
P0004061,P0004670
P0004062,P0001483
P0004063,P0001044
P0004064,P0004278
P0004065,P0002701
P0004066,P0003751
P0004067,P000969
P0004068,P000705
P0004069,P0002998
P0004070,P000525
P0004071,P000705
P0004072,P0003920
P0004073,P0002517
P0004074,P0003903
P0004075,P0004864
P0004076,P0003629
P0004077,P0001404
P0004078,P00060
P0004079,P000229
P0004080,P0003743
P0004081,P0004952
P0004082,P0004895
P0004083,P0004214
P0004084,P000524
P0004085,P0004392
P0004086,P0003771
P0004087,P000633
P0004088,P000304
P0004089,P0001842
P0004090,P0002294
P0004091,P0003264
P0004092,P0003692
P0004093,P0002281
P0004094,P0003815
P0004095,P000362
P0004096,P000108
P0004097,P0004446
P0004098,P000680
P0004099,P0004829
P0004100,P0003558
P0004101,P0002914
P0004102,P000302
P0004103,P000222
P0004104,P0002781
P0004105,P000453
P0004106,P0003816
P0004107,P0002175
P0004108,P0001310
P0004109,P0002917
P0004110,P0004407
P0004111,P0003091
P0004112,P000516
P0004113,P0003596
P0004114,P0004397
P0004115,P000132
P0004116,P0001406
P0004117,P0004930
P0004118,P0004850
P0004119,P0002671
P0004120,P0003808
P0004121,P0002929
P0004122,P0003734
P0004123,P000343
P0004124,P0004593
P0004125,P0003499
P0004126,P0003674
P0004127,P0001754
P0004128,P0004734
P0004129,P00058
P0004130,P0002934
P0004131,P0001734
P0004132,P0003345
P0004133,P0003542
P0004134,P0003543
P0004135,P0001732
P0004136,P000325
P0004137,P0003883
P0004138,P0003431
P0004139,P0003575
P0004140,P0002848
P0004141,P0001565
P0004142,P00015
P0004143,P0001370
P0004144,P0004770
P0004145,P0003656
P0004146,P000928
P0004147,P0004754
P0004148,P0001934
P0004149,P0001067
P0004150,P0003493
P0004151,P0004044
P0004152,P000493
P0004153,P0002390
P0004154,P0003094
P0004155,P0004115
P0004156,P0004616
P0004157,P0004795
P0004158,P0001815
P0004159,P0003957
P0004160,P0004363
P0004161,P0003946
P0004162,P0002599
P0004163,P0002981
P0004164,P0004102
P0004165,P0002781
P0004166,P000688
P0004167,P0003062
P0004168,P0001552
P0004169,P0003316
P0004170,P0003313
P0004171,P0002227
P0004172,P0002446
P0004173,P0001335
P0004174,P000424
P0004175,P0001679
P0004176,P000828
P0004177,P000934
P0004178,P0003756
P0004179,P0002503
P0004180,P000228
P0004181,P0004428
P0004182,P0003684
P0004183,P0002055
P0004184,P0001282
P0004185,P0003040
P0004186,P0003122
P0004187,P0002490
P0004188,P0001903
P0004189,P000124
P0004190,P000188
P0004191,P000333
P0004192,P0001770
P0004193,P0001424
P0004194,P0001479
P0004195,P0001285
P0004196,P0003714
P0004197,P0001007
P0004198,P000596
P0004199,P0003699
P0004200,P000590
P0004201,P0002070
P0004202,P0001950
P0004203,P0002289
P0004204,P0002322
P0004205,P0003758
P0004206,P0003026
P0004207,P000662
P0004208,P0004156
P0004209,P0003528
P0004210,P0003981
P0004211,P0002208
P0004212,P0003536
P0004213,P0004326
P0004214,P0001894
P0004215,P0003740
P0004216,P0004699
P0004217,P0002052
P0004218,P0003009
P0004219,P00024
P0004220,P0001793
P0004221,P0001357
P0004222,P00064
P0004223,P0002
P0004224,P0003255
P0004225,P0001803
P0004226,P0003135
P0004227,P0002066
P0004228,P0002288
P0004229,P0001817
P0004230,P0001491
P0004231,P0001246
P0004232,P000461
P0004233,P0004678
P0004234,P000603
P0004235,P000521
P0004236,P0003886
P0004237,P0003967
P0004238,P0002818
P0004239,P0001761
P0004240,P0003940
P0004241,P000548
P0004242,P0002194
P0004243,P0004019
P0004244,P0002221
P0004245,P0004138
P0004246,P0003646
P0004247,P0002943
P0004248,P0002272
P0004249,P0004983
P0004250,P0003861
P0004251,P000146
P0004252,P0003621
P0004253,P0004967
P0004254,P0001421
P0004255,P000231
P0004256,P0001850
P0004257,P0002733
P0004258,P0001168
P0004259,P000999
P0004260,P0001758
P0004261,P0004025
P0004262,P0003151
P0004263,P0004121
P0004264,P0004109
P0004265,P0001542
P0004266,P0004401
P0004267,P0004140
P0004268,P000164
P0004269,P0003008
P0004270,P0002411
P0004271,P0003228
P0004272,P0001923
P0004273,P0002080
P0004274,P0002392
P0004275,P0002580
P0004276,P0007
P0004277,P0003928
P0004278,P0001335
P0004279,P0003641
P0004280,P000176
P0004281,P0001055
P0004282,P000419
P0004283,P0003640
P0004284,P0003773
P0004285,P0004964
P0004286,P0003564
P0004287,P00071
P0004288,P0001780
P0004289,P000790
P0004290,P0003758
P0004291,P0002802
P0004292,P0001755
P0004293,P0004910
P0004294,P000353
P0004295,P000505
P0004296,P0001663
P0004297,P0004835
P0004298,P0004697
P0004299,P0004929
P0004300,P0004476
P0004301,P0001401
P0004302,P0003281
P0004303,P0002385
P0004304,P0002487
P0004305,P000404
P0004306,P0002132
P0004307,P0001449
P0004308,P000461
P0004309,P0004317
P0004310,P0003293
P0004311,P0004521
P0004312,P0002125
P0004313,P0004682
P0004314,P0004043
P0004315,P0003377
P0004316,P0004988
P0004317,P0002077
P0004318,P0002017
P0004319,P000245
P0004320,P0004167
P0004321,P0003321
P0004322,P0004445
P0004323,P0001287
P0004324,P0001721
P0004325,P0004716
P0004326,P0002565
P0004327,P0003544
P0004328,P0003963
P0004329,P000657
P0004330,P0002657
P0004331,P0004594
P0004332,P000366
P0004333,P0003945
P0004334,P0003275
P0004335,P0001143
P0004336,P0003985
P0004337,P0002455
P0004338,P0003951
P0004339,P0003761
P0004340,P0004738
P0004341,P0001605
P0004342,P0004107
P0004343,P0004801
P0004344,P0003525
P0004345,P0003247
P0004346,P0001923
P0004347,P000295
P0004348,P0001905
P0004349,P0004192
P0004350,P0001641
P0004351,P0004290
P0004352,P0003990
P0004353,P0001534
P0004354,P0004173
P0004355,P000645
P0004356,P0004270
P0004357,P0002392
P0004358,P0004885
P0004359,P0002798
P0004360,P0002325
P0004361,P0002432
P0004362,P0004118
P0004363,P0001365
P0004364,P0002771
P0004365,P000783
P0004366,P000368
P0004367,P0002756
P0004368,P0001325
P0004369,P0003547
P0004370,P0003019
P0004371,P0004153
P0004372,P000568
P0004373,P0004143
P0004374,P0001190
P0004375,P0001309
P0004376,P0001863
P0004377,P0001134
P0004378,P0002562
P0004379,P000634
P0004380,P0002870
P0004381,P0003036
P0004382,P0001022
P0004383,P000935
P0004384,P0003295
P0004385,P0004837
P0004386,P0004571
P0004387,P0003000
P0004388,P0004805
P0004389,P0002598
P0004390,P000241
P0004391,P0001944
P0004392,P0004569
P0004393,P000570
P0004394,P000679
P0004395,P0002859
P0004396,P000458
P0004397,P0004708
P0004398,P0002664
P0004399,P0004842
P0004400,P0004803
P0004401,P0002332
P0004402,P0001055
P0004403,P0001929
P0004404,P0002493
P0004405,P0004959
P0004406,P0002590
P0004407,P0001806
P0004408,P0003354
P0004409,P0001
P0004410,P0002496
P0004411,P0004414
P0004412,P0002987
P0004413,P0002109
P0004414,P0003098
P0004415,P0002748
P0004416,P000648
P0004417,P0001429
P0004418,P0002487
P0004419,P0002193
P0004420,P0002382
P0004421,P0003945
P0004422,P0002823
P0004423,P0002722
P0004424,P0002282
P0004425,P0003364
P0004426,P0002055
P0004427,P000183
P0004428,P0004692
P0004429,P0004724
P0004430,P0004655
P0004431,P0003641
P0004432,P000185
P0004433,P0002016
P0004434,P0001488
P0004435,P000484
P0004436,P0003359
P0004437,P000622
P0004438,P0001066
P0004439,P0004563
P0004440,P000841
P0004441,P000313
P0004442,P0004266
P0004443,P000167
P0004444,P0003415
P0004445,P000870
P0004446,P0002039
P0004447,P0001021
P0004448,P0001849
P0004449,P000143
P0004450,P000781
P0004451,P0003834
P0004452,P0001823
P0004453,P0003495
P0004454,P0002786
P0004455,P000140
P0004456,P0004344
P0004457,P0004144
P0004458,P0004672
P0004459,P0003291
P0004460,P0004166
P0004461,P000855
P0004462,P0004721
P0004463,P0004528
P0004464,P00042
P0004465,P0002831
P0004466,P000864
P0004467,P0002964
P0004468,P0002056
P0004469,P0001374
P0004470,P0004401
P0004471,P0004185
P0004472,P0002932
P0004473,P0004118
P0004474,P000646
P0004475,P000920
P0004476,P0001925
P0004477,P000173
P0004478,P0001378
P0004479,P0001903
P0004480,P0001884
P0004481,P0003534
P0004482,P000355
P0004483,P0001592
P0004484,P0002081
P0004485,P0002509
P0004486,P0002184
P0004487,P0003918
P0004488,P0001695
P0004489,P0004682
P0004490,P0001517
P0004491,P0002589
P0004492,P0001180
P0004493,P000205
P0004494,P0003891
P0004495,P0003777
P0004496,P0001330
P0004497,P000742
P0004498,P0001514
P0004499,P0004196
P0004500,P0002506
P0004501,P0002493
P0004502,P0001970
P0004503,P0003686
P0004504,P0004403
P0004505,P0004077
P0004506,P000114
P0004507,P0001426
P0004508,P0004702
P0004509,P0003949
P0004510,P0003389
P0004511,P0003796
P0004512,P0003140
P0004513,P0002224
P0004514,P0003443
P0004515,P0004739
P0004516,P000856
P0004517,P0003440
P0004518,P0002167
P0004519,P0001195
P0004520,P0003357
P0004521,P0004847
P0004522,P0003240
P0004523,P0001796
P0004524,P0004065
P0004525,P0004266
P0004526,P000843
P0004527,P0001574
P0004528,P0004226
P0004529,P0002422
P0004530,P000459
P0004531,P0003848
P0004532,P0003900
P0004533,P0001922
P0004534,P0002559
P0004535,P0002815
P0004536,P0002842
P0004537,P0003739
P0004538,P0003573
P0004539,P0001643
P0004540,P0004393
P0004541,P0002144
P0004542,P0004717
P0004543,P000985
P0004544,P0004855
P0004545,P000488
P0004546,P0003144
P0004547,P0001946
P0004548,P000455
P0004549,P0003186
P0004550,P0001422
P0004551,P000475
P0004552,P0003705
P0004553,P0003503
P0004554,P000494
P0004555,P0002044
P0004556,P000859
P0004557,P0002482
P0004558,P0003160
P0004559,P0001277
P0004560,P0002211
P0004561,P0001461
P0004562,P0004572
P0004563,P000851
P0004564,P0002191
P0004565,P0004135
P0004566,P0003429
P0004567,P0002631
P0004568,P0001540
P0004569,P0004075
P0004570,P0002332
P0004571,P0001468
P0004572,P0004409
P0004573,P0004899
P0004574,P0003260
P0004575,P0003530
P0004576,P0003832
P0004577,P0003096
P0004578,P0004210
P0004579,P0001323
P0004580,P0004911
P0004581,P0002582
P0004582,P000864
P0004583,P0001827
P0004584,P000987
P0004585,P000668
P0004586,P0002544
P0004587,P0002241
P0004588,P0004236
P0004589,P0002053
P0004590,P0004837
P0004591,P0004932
P0004592,P0003399
P0004593,P000833
P0004594,P0001994
P0004595,P0004071
P0004596,P0002831
P0004597,P000266
P0004598,P000636
P0004599,P0001327
P0004600,P0003644
P0004601,P0001248
P0004602,P0002320
P0004603,P0001720
P0004604,P0004482
P0004605,P0002988
P0004606,P0001297
P0004607,P0003402
P0004608,P0001395
P0004609,P0003407
P0004610,P00084
P0004611,P0001718
P0004612,P0003343
P0004613,P0002150
P0004614,P0004584
P0004615,P0003338
P0004616,P0002093
P0004617,P000912
P0004618,P0002109
P0004619,P000673
P0004620,P0002684
P0004621,P0003997
P0004622,P00032
P0004623,P00034
P0004624,P0003125
P0004625,P0001614
P0004626,P0004789
P0004627,P0004223
P0004628,P0004762
P0004629,P0004475
P0004630,P000598
P0004631,P0001308
P0004632,P0002544
P0004633,P000652
P0004634,P0004570
P0004635,P0001366
P0004636,P0002459
P0004637,P0004503
P0004638,P0004869
P0004639,P0001874
P0004640,P0001597
P0004641,P0002707
P0004642,P0001180
P0004643,P000258
P0004644,P0004574
P0004645,P0004094
P0004646,P0002032
P0004647,P0003812
P0004648,P0003579
P0004649,P0003017
P0004650,P0001460
P0004651,P0002860
P0004652,P0002926
P0004653,P000462
P0004654,P0003075
P0004655,P0002539
P0004656,P0002774
P0004657,P0002948
P0004658,P0002859
P0004659,P0002043
P0004660,P000654
P0004661,P0001571
P0004662,P0002914
P0004663,P0002513
P0004664,P0003525
P0004665,P0002178
P0004666,P0001933
P0004667,P0001008
P0004668,P0002361
P0004669,P0002785
P0004670,P0004408
P0004671,P0003153
P0004672,P000678
P0004673,P000799
P0004674,P0004426
P0004675,P0001141
P0004676,P0002993
P0004677,P000549
P0004678,P0001468
P0004679,P0001716
P0004680,P0003932
P0004681,P000873
P0004682,P0004774
P0004683,P000667
P0004684,P0003602
P0004685,P0003280
P0004686,P0004721
P0004687,P0001129
P0004688,P0004868
P0004689,P0003260
P0004690,P0004103
P0004691,P0002706
P0004692,P0003393
P0004693,P000888
P0004694,P0004426
P0004695,P0001992
P0004696,P0001662
P0004697,P0001755
P0004698,P0002058
P0004699,P0002611
P0004700,P0003680
P0004701,P000611
P0004702,P0001616
P0004703,P0004272
P0004704,P0002772
P0004705,P0002847
P0004706,P0004047
P0004707,P000686
P0004708,P000669
P0004709,P0003077
P0004710,P0004650
P0004711,P000390
P0004712,P0002098
P0004713,P000636
P0004714,P0001730
P0004715,P0002656
P0004716,P000196
P0004717,P0003782
P0004718,P0004653
P0004719,P0002722
P0004720,P0004394
P0004721,P0002723
P0004722,P000830
P0004723,P0001494
P0004724,P0003824
P0004725,P0001404
P0004726,P0004544
P0004727,P0004731
P0004728,P000961
P0004729,P0004119
P0004730,P0001614
P0004731,P000486
P0004732,P0001934
P0004733,P000630
P0004734,P0002600
P0004735,P0001225
P0004736,P0001869
P0004737,P0002464
P0004738,P0003601
P0004739,P0003621
P0004740,P000719
P0004741,P0003414
P0004742,P0002778
P0004743,P0004485
P0004744,P0002245
P0004745,P0004130
P0004746,P0002353
P0004747,P000694
P0004748,P0001209
P0004749,P0003854
P0004750,P000242
P0004751,P0004237
P0004752,P0001393
P0004753,P0001976
P0004754,P0002419
P0004755,P000718
P0004756,P0004735
P0004757,P0003113
P0004758,P0001805
P0004759,P000726
P0004760,P0004759
P0004761,P0001843
P0004762,P0001763
P0004763,P0003521
P0004764,P000464
P0004765,P0002045
P0004766,P0002242
P0004767,P0001360
P0004768,P00016
P0004769,P0001054
P0004770,P0004265
P0004771,P000630
P0004772,P0001915
P0004773,P000467
P0004774,P0003684
P0004775,P0002674
P0004776,P0004789
P0004777,P0003500
P0004778,P0003122
P0004779,P0002811
P0004780,P000588
P0004781,P0003250
P0004782,P0001546
P0004783,P000607
P0004784,P0004788
P0004785,P0002087
P0004786,P0004229
P0004787,P0002884
P0004788,P0001102
P0004789,P0004648
P0004790,P0001699
P0004791,P0003312
P0004792,P0002367
P0004793,P000621
P0004794,P0004882
P0004795,P0003663
P0004796,P0003491
P0004797,P0003548
P0004798,P0004841
P0004799,P0002007
P0004800,P0001782
P0004801,P0003404
P0004802,P0004372
P0004803,P0002144
P0004804,P0004557
P0004805,P0003564
P0004806,P000279
P0004807,P0001594
P0004808,P0003661
P0004809,P0002116
P0004810,P0004309
P0004811,P0002303
P0004812,P0001403
P0004813,P0003148
P0004814,P0002569
P0004815,P0004036
P0004816,P0002469
P0004817,P000769
P0004818,P0002763
P0004819,P000112
P0004820,P0001574
P0004821,P0002152
P0004822,P000728
P0004823,P0003731
P0004824,P0001968
P0004825,P000788
P0004826,P0002542
P0004827,P000649
P0004828,P000417
P0004829,P0002505
P0004830,P000983
P0004831,P000377
P0004832,P0004962
P0004833,P0004520
P0004834,P000197
P0004835,P0003392
P0004836,P0002579
P0004837,P0001944
P0004838,P000241
P0004839,P0001054
P0004840,P0004830
P0004841,P0001726
P0004842,P0003586
P0004843,P0003092
P0004844,P000772
P0004845,P000960
P0004846,P0003763
P0004847,P0004521
P0004848,P0002625
P0004849,P0004848
P0004850,P0002078
P0004851,P0004808
P0004852,P0001214
P0004853,P0004400
P0004854,P0001731
P0004855,P0001966
P0004856,P0004759
P0004857,P000104
P0004858,P0004725
P0004859,P0002985
P0004860,P0001372
P0004861,P000391
P0004862,P000675
P0004863,P0004691
P0004864,P0002538
P0004865,P0002725
P0004866,P0002992
P0004867,P000685
P0004868,P0001919
P0004869,P000512
P0004870,P0001957
P0004871,P000476
P0004872,P0001073
P0004873,P000860
P0004874,P000866
P0004875,P0001330
P0004876,P0001041
P0004877,P0001395
P0004878,P000785
P0004879,P0001607
P0004880,P0001331
P0004881,P0003976
P0004882,P0001443
P0004883,P0001578
P0004884,P000489
P0004885,P0004175
P0004886,P000446
P0004887,P0003809
P0004888,P000350
P0004889,P0002783
P0004890,P000303
P0004891,P000183
P0004892,P0004022
P0004893,P0004475
P0004894,P0002725
P0004895,P0001572
P0004896,P000882
P0004897,P0003995
P0004898,P0002274
P0004899,P0003967
P0004900,P000132
P0004901,P0001832
P0004902,P0001721
P0004903,P0001604
P0004904,P0002992
P0004905,P0004482
P0004906,P0004409
P0004907,P0003257
P0004908,P0002207
P0004909,P0003764
P0004910,P0004503
P0004911,P0002403
P0004912,P0001374
P0004913,P000601
P0004914,P0004256
P0004915,P000401
P0004916,P000507
P0004917,P000885
P0004918,P0003329
P0004919,P0004190
P0004920,P0003406
P0004921,P0004764
P0004922,P0003758
P0004923,P0001237
P0004924,P0001615
P0004925,P000752
P0004926,P000373
P0004927,P0004681
P0004928,P0004219
P0004929,P0002549
P0004930,P000360
P0004931,P000608
P0004932,P0002253
P0004933,P0004375
P0004934,P0002170
P0004935,P0002448
P0004936,P0001291
P0004937,P0004893
P0004938,P0003165
P0004939,P0004305
P0004940,P000598
P0004941,P000544
P0004942,P0002247
P0004943,P000844
P0004944,P0002342
P0004945,P0001177
P0004946,P0003200
P0004947,P0001049
P0004948,P0004508
P0004949,P0004435
P0004950,P0001624
P0004951,P0001750
P0004952,P0001546
P0004953,P000250
P0004954,P0003158
P0004955,P0004359
P0004956,P0002290
P0004957,P0003131
P0004958,P0003166
P0004959,P0004606
P0004960,P000332
P0004961,P0002696
P0004962,P0003154
P0004963,P000445
P0004964,P0002911
P0004965,P0002013
P0004966,P0001981
P0004967,P0002487
P0004968,P000290
P0004969,P0003887
P0004970,P000373
P0004971,P0004458
P0004972,P0003796
P0004973,P0002184
P0004974,P000316
P0004975,P0003206
P0004976,P0001955
P0004977,P0003634
P0004978,P0001658
P0004979,P0003748
P0004980,P000602
P0004981,P000355
P0004982,P0001674
P0004983,P0004670
P0004984,P0004488
P0004985,P0004477
P0004986,P0004379
P0004987,P0002956
P0004988,P0004619
P0004989,P0003866
P0004990,P00095
P0004991,P0004998
P0004992,P0002524
P0004993,P0001917
P0004994,P0002180
P0004995,P0002079
P0004996,P0004696
P0004997,P0004772
P0004998,P0001809
P0004999,P0004121
